name,team,position,signed,extended,age at signing/extension,offseason_of_new_contract,new_contract_AAV,games_played,minutes,pts,fgm,fga,fgperc,3pm,3pa,3pperc,ftm,fta,ftperc,oreb,dreb,reb,ast,tov,stl,blk,pf,tsperc,usage,bs_rap_o,bs_rap_d,bs_rap_t,onoff_rap_o,onoff_rap_d,onoff_rap_t,ovr_rap_o,ovr_rap_d,ovr_rap_t,rap_war
Trae Young,Atlanta Hawks,PG,0,1,22,2021,35380000,63,33.7,25.3,7.7,17.7,43.8,2.2,6.3,34.3,7.7,8.7,88.6,0.6,3.3,3.9,9.4,4.1,0.8,0.2,1.8,58.9,32,5.4,-3.2,1.6,6.5,-2.4,4.1,6,-3.8,2.2,5.5
John Collins,Atlanta Hawks,PF,0,1,23,2021,25000000,63,29.3,17.6,6.8,12.2,55.6,1.3,3.3,39.9,2.7,3.2,83.3,1.9,5.5,7.4,1.2,1.3,0.5,1,3.1,64.5,21.4,1.3,1,2.3,2.9,0.3,3.2,1.7,0.9,2.6,5
Danilo Gallinari,Atlanta Hawks,PF,1,0,31,2020,20475000,62,29.6,18.7,5.8,13.2,43.8,2.9,7.1,40.5,4.3,4.8,89.3,0.5,4.6,5.2,1.9,1.2,0.7,0.1,1.2,61.2,24.2,3.5,0,3.5,6.4,-5,1.3,4.3,-1.1,3.2,5.6
Clint Capela,Atlanta Hawks,C,0,1,26,2021,22940640,63,30.1,15.2,6.6,11,59.4,0,0,0,2.1,3.6,57.3,4.7,9.6,14.3,0.8,1.2,0.7,2,2.3,60.1,19.3,0.8,5.1,5.9,3.1,3.9,7,1.3,5.1,6.4,8.8
Bogdan Bogdanovic,Atlanta Hawks,SG,1,0,27,2020,18000000,61,28.9,15.1,5.5,12.6,44,2.7,7.2,37.2,1.4,1.9,74.1,0.4,3,3.4,3.4,1.7,1,0.2,2.2,56.5,22.1,1.9,-0.4,1.5,0.1,-0.3,-0.2,1.6,-0.4,1.2,3.6
Kevin Huerter,Atlanta Hawks,SG,0,1,22,2021,16250000,29,30.8,11.9,4.6,10.6,43.2,2,5.6,36.3,0.7,0.9,78.1,0.6,2.8,3.3,3.5,1.1,1.2,0.3,2.4,54.1,16.7,0,-0.1,-0.1,-0.6,-0.4,-1,-0.2,-0.1,-0.3,2.7
Delon Wright,Atlanta Hawks,PG,1,0,29,2020,8000000,73,21.5,6.9,2.6,5.6,46.2,0.6,1.7,37,1.1,1.4,77,1,2.9,3.8,3.3,1,1.2,0.3,1.3,55.4,14,1,0.4,1.4,-1.8,0.5,-1.4,0.4,0.5,0.9,2.9
Lou Williams,Atlanta Hawks,SG,1,0,35,2021,5000000,66,21.6,11.3,4,9.8,41,1,2.6,39.9,2.3,2.6,86.7,0.3,1.8,2.1,3.4,1.6,0.7,0.1,0.9,51.9,24.4,0.9,-3.7,-2.8,-1.3,-1.8,-3.1,0.4,-3.5,-3.1,-0.3
Gorgui Dieng,Atlanta Hawks,C,1,0,32,2021,4000000,38,14.5,6.8,2.2,4.3,52.1,0.8,1.8,42.9,1.5,1.8,86.6,1.1,2.6,3.7,1.3,0.8,0.7,0.4,1.5,67,16.9,1.4,-0.8,0.6,-1.3,-1.7,-3,0.9,-1.1,-0.1,0.7
Timothe Luwawu-Cabarrot,Atlanta Hawks,SF,1,0,26,2021,1939350,58,18.1,6.4,2.2,6.1,36.5,1.3,4.1,31.4,0.6,0.7,81.4,0.5,1.7,2.2,1.2,0.7,0.6,0.1,1.7,49.3,16.5,-1.5,-1,-2.5,-1.5,-0.6,2.1,-1.7,-1,-2.6,0.1
Aaron Holiday,Atlanta Hawks,PG,1,0,25,2022,1968175,63,16.2,6.3,2.4,5.4,44.7,0.6,1.6,37.9,0.9,1.1,86.8,0.4,1.6,1.9,2.4,1.1,0.7,0.1,1.5,54.4,18.2,0.2,-0.1,0.1,-2,0.7,-1.3,-0.2,0.1,-0.1,1.4
Frank Kaminsky,Atlanta Hawks,C,1,0,29,2022,2463490,9,20.1,10.6,4,7.3,54.5,0.6,1.7,33.3,2,2.2,90,1.2,3.3,4.6,1.4,0.6,0.9,0.8,1.6,63.5,18.5,-1.1,9,7.1,-6.3,6.7,0.4,-2.3,9,6.7,0.9
De'Andre Hunter,Atlanta Hawks,SF,0,1,24,2022,22500000,53,29.8,13.4,4.8,10.8,44.2,1.4,3.7,37.9,2.4,3.1,76.5,0.5,2.8,3.3,1.3,1.3,0.7,0.4,2.9,54.7,19.4,-1.8,0.1,-1.7,-1.7,-1.6,-3.2,-1.9,-0.2,-2.1,0.5
Jayson Tatum,Boston Celtics,SF,0,1,21,2020,32600060,66,34.3,23.4,8.4,18.6,45,2.9,7.1,40.3,3.8,4.7,81.2,1,6,7,3,2.3,1.4,0.9,2.1,56.7,28,3.1,1.2,4.3,3.7,3.9,7.6,3.4,1.8,5.2,9.2
Jaylen Brown,Boston Celtics,SG,0,1,22,2019,26583334,74,25.9,23.6,8.7,18.4,47.3,2.5,7,35.8,3.7,4.8,75.8,0.8,5.3,6.1,3.5,2.7,1.1,0.3,2.5,54.7,21.5,-1.3,0.5,-0.8,-2.5,0.4,-2.1,-1.7,0.5,-1.2,1.5
Al Horford,Boston Celtics,C,1,0,32,2019,24250000,68,29,13.6,5.7,10.6,53.5,1.1,3,36,1.1,1.4,82.1,1.8,5,6.7,4.2,1.5,0.9,1.3,1.9,60.5,18.8,0.8,1.8,2.6,3.8,-0.2,3.6,1.5,1.4,2.9,5.6
Marcus Smart,Boston Celtics,PG,0,1,26,2021,19121999,48,32.9,13.1,4.2,10.6,39.8,1.9,5.9,33,2.7,3.4,79,0.8,2.7,3.5,5.7,2,1.5,0.5,2.6,53.9,17.9,0.5,0.7,1.2,2.1,-1.3,0.8,0.9,0.4,1.2,3.2
Derrick White,Boston Celtics,PG,0,1,25,2020,17500000,68,24.7,11.3,3.7,8.1,45.8,1.2,3.2,36.6,2.6,3.1,85.3,0.5,2.8,3.3,3.5,1.3,0.6,0.9,2.2,59.3,18.3,1.8,2,3.8,-1.6,2.2,0.6,1.2,2.2,3.4,5.3
Robert Williams III,Boston Celtics,C,0,1,23,2021,12000000,52,18.9,8,3.6,5,72.1,0,0,0,0.9,1.4,61.6,2.6,4.3,6.9,1.8,1,0.8,1.8,2,71.9,14.5,0.4,0.2,0.7,1.9,-1.6,0.2,0.7,-0.1,0.6,1.7
Daniel Theis,Boston Celtics,C,1,0,28,2021,8901378,65,24.6,9.6,3.9,7.2,54.1,0.8,2.3,32.2,1.1,1.7,67.3,1.4,4,5.5,1.7,1,0.6,0.9,2.6,60.9,15.4,-1.5,2,0.6,-0.8,-0.3,-1.1,-1.4,1.7,0.2,2.4
Blake Griffin,Boston Celtics,PF,1,0,33,2022,2905851,56,17.1,6.4,2.4,5.6,42.5,0.7,2.6,26.2,1,1.4,72.4,1.1,3,4.1,1.9,0.6,0.5,0.3,1.7,51.8,16.7,-0.7,5.3,4.6,-2.5,-2.4,-4.9,-1.2,4,2.9,2.9
Sam Hauser,Boston Celtics,SF,1,0,24,2022,1886069,26,6.1,2.5,0.9,1.9,46,0.7,1.7,43.2,0,0,0,0.2,0.9,1.1,0.4,0.1,0,0.1,0.3,65,13.6,3.8,0.1,3.8,-1.6,2.5,0.9,2.8,0.5,3.3,0.5
Luke Kornet,Boston Celtics,C,1,0,26,2022,2273291,15,6.9,2,0.9,1.8,48.1,0,0.3,0,0.3,0.4,66.7,0.9,1.1,1.9,0.6,0,0.2,0.2,0.6,50.6,11.2,1.6,1.7,3.2,7.5,1.3,8.7,2.8,1.5,4.4,0.4
Kevin Durant,Brooklyn Nets,SF,1,0,32,2021,48554830,35,33.1,26.9,9.3,17.2,53.7,2.4,5.4,45,6,6.8,88.2,0.4,6.7,7.1,5.6,3.4,0.7,1.3,3,66.6,30.3,5.6,-0.6,5,5.5,1.3,6.8,5.8,-0.2,5.6,5
Kyrie Irving,Brooklyn Nets,PG,1,0,26,2019,34122650,67,33,23.8,9,18.5,48.7,2.6,6.5,40.1,3.2,3.7,87.3,1.1,3.9,5,6.9,2.6,1.5,0.5,2.5,59.2,28.6,5.6,1.1,6.7,3.9,0.7,4.6,5.5,1.1,6.6,10.7
Ben Simmons,Brooklyn Nets,PG,0,1,22,2019,35448672,79,34.2,16.9,6.8,12.2,56.3,0,0.1,0,3.3,5.4,60,2.2,6.6,8.8,7.7,3.5,1.4,0.8,2.6,58.2,21.5,0.9,-1.2,-0.3,0.2,-1.6,-1.4,0.8,-1.4,-0.6,3
Joe Harris,Brooklyn Nets,SG,1,0,28,2020,18750000,69,30.8,14.5,5.5,11.4,48.6,2.5,5.9,42.4,0.9,1.3,71.9,0.9,3.4,4.3,2.1,1.5,0.6,0.2,2.3,60.6,17.9,0.3,-1.5,-1.3,3.5,-2.4,1.1,1,-1.8,-0.8,2.1
Seth Curry,Brooklyn Nets,SG,1,0,28,2019,8000000,74,18.9,7.9,2.9,6.3,45.6,1.5,3.4,45,0.6,0.7,84.6,0.4,1.3,1.6,0.9,0.8,0.5,0.2,1.3,59.5,16.4,-0.1,-0.3,-0.4,-1.6,1.5,-0.1,-0.5,0.1,-0.4,1.6
Patty Mills,Brooklyn Nets,PG,0,1,32,2021,6037250,68,24.8,10.8,3.7,9,41.2,2.4,6.3,37.5,1,1.1,91,0.3,1.4,1.7,2.4,1,0.6,0,1.2,57,17.7,0.5,-1.9,-1.4,-3.9,6.9,3,-0.4,-0.2,-0.6,1.8
LaMarcus Aldridge,Brooklyn Nets,C,1,0,36,2021,2641691,26,25.9,13.5,5.4,11.4,47.3,1.2,3.1,38.8,1.6,1.8,87.2,0.7,3.8,4.5,1.9,1,0.4,1.1,1.8,55.6,22.4,-2.7,-0.6,-3.2,-0.6,-1.8,-2.5,-2.4,-0.8,-3.3,-0.2
Andre Drummond,Brooklyn Nets,C,1,0,28,2021,2401537,46,27,14.9,6.1,12.4,49.3,0,0.2,0,2.7,4.5,60,3.6,8.4,12,2,2.7,1.4,1.1,3.2,57.4,18.1,-2.6,2.8,0.3,0.8,0,0.7,-1.9,2.4,0.5,2.1
Kessler Edwards,Brooklyn Nets,SF,1,0,21,2022,1782931,48,20.6,5.9,2.3,5.6,41.2,1,2.8,35.3,0.3,0.4,84.2,0.9,2.7,3.6,0.6,0.9,0.6,0.5,1.8,51.6,13.2,-2.7,-1.3,-4,1.3,-3.7,-2.3,-2,-1.9,-3.9,-0.6
Nic Claxton,Brooklyn Nets,C,1,0,23,2022,8625000,47,20.7,8.7,3.8,5.6,67.4,0,0,0,1.1,2,58.1,1.9,3.7,5.6,0.9,0.8,0.5,1.1,2.3,67.2,15,-1.3,1.6,0.3,-0.8,1.2,0.4,-1.4,1.6,0.3,1.7
Edmond Sumner,Brooklyn Nets,PG,1,0,26,2022,2104059,53,16.2,7.5,2.8,5.3,52.5,0.7,1.7,39.8,1.3,1.6,81.9,0.3,1.4,1.8,0.9,1,0.6,0.2,1.7,62.6,17.6,-1.6,-1.3,-2.9,1.2,-3.2,-2,-1.1,-1.8,-2.9,-0.1
Gordon Hayward,Charlotte Hornets,SF,1,0,29,2020,30000000,52,33.5,17.5,6.7,13.5,50,1.6,4.3,38.3,2.4,2.8,85.5,1.1,5.6,6.7,4.1,1.8,0.7,0.4,1.8,59.5,20.6,1.6,-1.4,0.2,2.7,1.7,4.4,1.9,-0.8,1,3.4
Terry Rozier,Charlotte Hornets,SG,0,1,26,2021,24064674,69,34.5,20.4,7.4,16.4,45,3.2,8.3,38.9,2.4,2.9,81.7,0.7,3.7,4.4,4.2,1.9,1.3,0.4,1.7,57.5,23.8,2.4,-0.5,1.9,3,-3.4,-0.5,2.7,-1.2,1.6,5.2
Kelly Oubre Jr,Charlotte Hornets,SF,1,0,25,2021,12300000,55,30.7,15.4,5.8,13.2,43.9,1.6,5.2,31.6,2.2,3.2,69.5,1.5,4.5,6,1.3,1.3,1,0.8,2.2,52.9,21.5,-2.6,1.5,-1,-7.8,-0.8,-8.6,-3.8,1.1,-2.7,0.1
Mason Plumlee,Charlotte Hornets,C,1,0,29,2020,8220833,61,17.3,7.2,2.9,4.7,61.5,0,0.1,0,1.4,2.5,53.5,1.6,3.6,5.2,2.5,1.3,0.5,0.6,2.3,61.3,17.3,-0.1,-0.4,-0.5,-0.9,-0.9,-1.8,-0.3,-0.5,-0.8,1
Montrezl Harrell,Charlotte Hornets,C,1,0,27,2020,9489450,63,27.8,18.6,7.5,12.9,58,0,0.3,0,3.7,5.6,65.8,2.6,4.5,7.1,1.7,1.7,0.6,1.1,2.3,60.7,24.5,0.9,3.9,4.9,-0.4,1.5,1.1,0.7,3.6,4.3,6.3
Cody Martin,Charlotte Hornets,SF,1,0,26,2022,7840000,71,26.3,7.7,2.9,6,48.2,0.9,2.2,38.4,1.1,1.5,70.1,1.2,2.9,4,2.5,0.9,1.2,0.5,1.6,57.9,12,0.1,1.5,1.6,1.3,-1.8,-0.4,0.3,0.9,1.3,3.8
PJ Washington,Charlotte Hornets,SF,0,1,21,2019,3076740,60,32.9,15.3,5.8,13,44.4,2,5.8,38.5,1.7,2.3,74.8,1,3.7,4.7,2.4,1.4,0.9,1.1,2.7,55,20.2,-0.8,-0.6,-1.4,-1.2,0.6,-0.6,-0.9,-0.4,-1.3,1.9
Dennis Smith Jr.,Charlotte Hornets,SG,1,0,25,2022,2133278,37,17.3,5.6,2.1,5.1,41.8,0.2,0.7,22.2,1.1,1.7,65.6,0.5,1.8,2.3,3.6,1.4,1.2,0.3,1.4,47,19,-0.8,-0.6,-1.4,-1.2,0.6,-0.6,-0.9,-0.4,-1.3,1.9
DeMar DeRozan,Chicago Bulls,SF,1,0,31,2021,27300000,61,33.7,21.6,7.5,15.1,49.5,0.3,1.2,25.7,6.3,7.2,88,0.7,3.6,4.2,6.9,2,0.9,0.2,2.1,59.1,25.5,3.6,-2.1,1.5,2.3,-5.4,-3.1,3.6,-2.9,0.6,3.5
Nikola Vucevic,Chicago Bulls,C,0,1,28,2019,25000000,80,31.4,20.8,8.8,16.9,51.8,1.1,2.9,36.4,2.2,2.8,78.9,2.8,9.2,12,3.8,2,1,1.1,2,57.3,27.6,1,3.6,4.7,4.3,1.9,6.2,1.8,3.5,5.2,10.2
Zach LaVine,Chicago Bulls,SG,1,0,23,2019,19500000,63,34.5,23.7,8.4,18,46.7,1.9,5.1,37.4,5,6,83.2,0.6,4,4.7,4.5,3.4,1,0.4,2.2,57.4,29.8,1.3,-2.6,-1.3,0.2,-0.5,-0.3,1.3,-2.3,-1,1.9
Lonzo Ball,Chicago Bulls,PG,1,0,23,2021,20000000,55,31.8,14.6,5.3,12.7,41.4,3.1,8.3,37.8,0.9,1.2,78.1,0.6,4.2,4.8,5.7,2.2,1.5,0.6,1.9,55.1,20.2,1.1,0.3,1.3,2.6,0.7,3.3,1.4,0.4,1.8,4.1
Alex Caruso,Chicago Bulls,SG,1,0,26,2021,9245000,58,21,6.4,2.3,5.3,43.6,0.9,2.4,40.1,0.8,1.3,64.5,0.5,2.4,2.9,2.8,1.3,1.1,0.3,1.9,54.7,14.4,-1.1,3.9,2.8,-2.1,5.3,3.1,-1.3,4.4,3,3.6
Tony Bradley,Chicago Bulls,C,1,0,23,2021,1912787,42,16.3,7.1,3.1,4.7,66.5,0,0.1,0,0.9,1.3,69.1,2,3.7,5.7,0.9,0.8,0.4,0.7,1.5,67.8,15.4,0.1,1.2,1.4,2.2,-1.4,0.8,0.7,0.8,1.4,1.4
Javonte Green,Chicago Bulls,SG,1,0,27,2021,1742428,41,11.6,3.6,1.3,2.5,52,0.2,0.7,33.3,0.7,1,75,0.6,1.1,1.7,0.4,0.5,0.7,0.1,1.1,61,12.2,-0.4,0.9,0.5,1,1.5,2.5,-0.1,1,0.9,0.9
Matt Thomas,Chicago Bulls,SG,1,0,27,2021,1669178,45,7.3,3.1,1.1,2.8,39.4,0.6,1.8,33.8,0.3,0.3,85.7,0.2,0.8,1,0.4,0.3,0.1,0,0.4,52.2,18.7,-1.8,-5.1,-6.8,-7.4,-2.6,-10,-3.1,-4.9,-8,-0.9
Goran Dragic,Chicago Bulls,PG,1,0,36,2022,2905851,21,23.7,7.5,2.7,7.2,37.7,0.8,3,25.4,1.3,1.6,81.8,0.6,2.5,3.1,4.1,1.6,0.9,0.2,2.1,47.4,16.6,-0.8,-0.3,-1.1,2.2,-0.6,1.6,-0.3,-0.4,-0.6,0.6
Kevin Love,Cleveland Cavaliers,C,0,1,29,2018,30100543,59,28,17.6,5.7,12.4,45.8,2.3,5.6,41.5,4,4.5,88,1.7,7.5,9.3,1.7,1.5,0.7,0.4,2,61.4,24.8,2.9,-0.8,2.1,1,-1.2,-0.2,2.6,-0.9,1.8,3.8
Jarrett Allen,Cleveland Cavaliers,C,1,0,22,2021,20000000,63,29.6,12.8,4.7,7.7,61.8,0.1,0.3,31.6,3.2,4.6,70.3,3.1,6.9,10,1.7,1.6,0.5,1.4,1.5,66.1,16.3,-0.8,2.3,1.5,-0.4,-1.4,-1.8,-0.7,1.7,1,3.5
Caris LeVert,Cleveland Cavaliers,SG,0,1,24,2019,17500000,40,26.6,13.7,5.2,12.1,42.9,1.2,3.9,31.2,2.1,3.1,69.1,0.9,2.9,3.8,3.9,1.7,1.1,0.4,1.9,50.9,23.5,0.3,1.7,2.1,0.4,0.7,1.1,0.4,0.6,4,2.6
Lauri Markkanen,Cleveland Cavaliers,PF,1,0,23,2021,16867727,51,25.8,13.6,4.9,10.2,48,2.3,5.8,40.2,1.5,1.8,82.6,0.7,4.6,5.3,0.9,1,0.5,0.3,1.5,61.9,19.7,0.1,-0.9,-0.8,-2.9,-0.6,-3.5,-0.5,-0.9,-1.4,0.9
Cedi Osman,Cleveland Cavaliers,SF,0,1,23,2019,7779711,76,32.2,13,4.7,11.1,42.7,1.7,4.9,34.8,1.9,2.4,77.9,0.6,4.1,4.7,2.6,1.5,0.8,0.1,2.6,53.6,18.2,-1.1,-2.1,-3.2,-0.8,-5.6,-6.4,-1.1,-2.8,-3.9,-1.5
Dean Wade,Cleveland Cavaliers,PF,1,0,23,2020,1782621,12,6,1.7,0.8,1.1,69.2,0.2,0.3,50,0,0.1,0,0.3,1.3,1.6,0.2,0.3,0.2,0.3,0.7,74.4,9.1,-3.1,-3.4,-6.5,-1.8,0,-1.8,-2.9,2.7,-5.7,-0.1
Lamar Stevens,Cleveland Cavaliers,PF,1,0,23,2021,1782621,40,12.5,4.1,1.6,3.4,45.6,0.1,0.6,16,0.9,1.3,72.5,0.6,1.8,2.4,0.6,0.6,0.4,0.3,1.3,52.1,15.2,-3.5,-0.5,-4,-4.1,0.8,-3.3,-3.8,-0.2,-4,-0.3
Ed Davis,Cleveland Cavaliers,C,1,0,32,2021,2641691,23,13,2.1,0.8,1.9,43.2,0,0,0,0.4,0.5,83.3,2,3,5,0.9,0.3,0.6,0.6,2.4,48.7,7.8,-2.4,-4.3,-6.7,-5.9,4.9,-1.1,-3.3,-2.5,-5.9,-0.5
Rajon Rondo,Cleveland Cavaliers,PG,1,0,35,2021,2641691,45,17.1,5.4,2.1,4.8,44.2,0.8,2,40.4,0.4,0.4,94.1,0.4,2,2.4,4.4,1.8,0.8,0.1,1.2,54.4,16.6,-0.4,-1.6,-1.9,-2.2,0.6,-1.6,-0.8,-1.2,-2,0.3
Darius Garland,Cleveland Cavaliers,PG,0,1,22,2022,38860000,68,35.7,21.7,8,17.3,46.2,2.6,6.7,38.3,3.2,3.5,89.2,0.6,2.7,3.3,8.6,3.6,1.3,0.1,1.7,57.6,27.2,3.9,-0.8,3,7,2.3,9.3,4.8,-0.3,4.5,9
Luka Doncic,Dallas Mavericks,PG,0,1,21,2021,42456000,66,34.3,27.7,9.8,20.5,47.9,2.9,8.3,35,5.2,7.1,73,0.8,7.2,8,8.6,4.3,1,0.5,2.3,58.7,35,6.4,-1,5.5,4.5,-1.4,3,6.3,-1.1,5.2,9.3
Tim Hardaway Jr,Dallas Mavericks,SG,1,0,28,2021,18750000,70,28.4,16.6,5.8,13,44.7,3,7.6,39.1,2,2.5,81.6,0.3,3,3.3,1.8,0.9,0.4,0.2,1.6,58.9,23,1.9,0.5,2.3,0,-2.3,-2.3,1.6,-0.1,1.5,4.3
Spencer Dinwiddie,Dallas Mavericks,PG,1,0,27,2021,18000000,64,31.2,20.6,6.6,16,41.5,1.9,6.3,30.8,5.4,7,77.8,0.5,3,3.5,6.8,2.7,0.6,0.3,2.8,54.1,28.7,3.3,-2.3,1,2.4,-1,1.4,3.4,-2.2,1.2,4
Davis Bertans,Dallas Mavericks,SF,1,0,27,2020,16000000,54,29.3,15.4,4.9,11.3,43.4,3.7,8.7,42.4,1.9,2.3,85.2,0.6,3.9,4.5,1.7,1.1,0.7,0.6,2.6,62.8,18.3,2.2,-0.5,1.7,4.5,-1.4,3.1,2.8,-0.6,2.2,4.1
Dorian Finney-Smith,Dallas Mavericks,SF,0,1,28,2021,13890240,60,32,9.8,3.7,7.8,47.2,2,5,39.4,0.5,0.7,75.6,1.6,3.8,5.4,1.7,0.8,0.9,0.4,2.3,60.9,12,-0.6,1,0.4,4.2,-0.2,4,0.3,0.8,1.2,3.8
Dwight Powell,Dallas Mavericks,C,0,1,27,2019,11080125,77,21.6,10.6,3.8,6.3,59.7,0.5,1.6,30.7,2.5,3.3,77.2,1.8,3.5,5.3,1.5,0.9,0.6,0.6,2.6,68.2,16.7,1.4,0.2,1.5,5.1,-2.5,2.6,2.2,-0.4,1.9,3.9
Reggie Bullock,Dallas Mavericks,SF,1,0,29,2021,10012800,65,30,10.9,3.8,8.6,44.2,2.5,6.1,41,0.8,0.8,90.9,0.2,3.2,3.4,1.5,0.7,0.8,0.2,2.2,60.6,14,-0.2,-0.4,-0.6,-0.2,0,-0.2,-0.2,-0.3,-0.6,2.2
Maxi Kleber,Dallas Mavericks,PF,1,0,27,2019,8900000,71,21.2,6.8,2.5,5.4,45.3,1.1,3.1,35.3,0.8,1,78.4,1.3,3.4,4.6,1,0.8,0.5,1.1,2,57.9,13.2,-1.4,2.4,1,0.5,4,4.5,-1.1,2.9,1.8,3.5
Boban Marjanovic,Dallas Mavericks,C,1,0,32,2021,3500000,33,8.2,4.7,1.9,3.7,50.8,0,0.2,12.5,0.9,1.2,81.6,1.4,2.5,3.9,0.3,0.4,0.1,0.2,0.9,56.2,23.1,0.4,-1.4,-0.9,-3.8,4.7,0.8,-0.5,-0.2,-0.7,0.3
Trey Burke,Dallas Mavericks,PG,1,0,27,2020,3150000,33,15.8,7.4,2.8,6.3,45,1,2.3,42.7,0.7,0.9,79.3,0.5,1,1.5,2.5,0.6,0.5,0.1,1,54.8,19.6,1.9,-0.7,1.3,2.5,-3.1,-0.6,2.1,-1.2,0.9,1
Sterling Brown,Dallas Mavericks,SG,1,0,25,2021,3000000,51,24.1,8.2,2.9,6.6,44.8,1.8,4.2,42.3,0.5,0.6,80.6,0.7,3.6,4.4,1.4,0.8,0.7,0.2,1.9,59.7,13.3,-1.1,-1.1,-2.2,-2.3,0.7,-1.6,-1.4,-0.8,-2.2,0.4
Marquese Chriss,Dallas Mavericks,PF,1,0,24,2021,2193920,2,13.4,6.5,2.5,7,35.7,0.5,2.5,20,1,2,50,1.5,5,6.5,1,1,0,1,1.5,41.2,25,-5.6,7.6,2,-24.5,-7.3,-31.7,-9.8,5,-4.8,0
Frank Ntilikina,Dallas Mavericks,PG,1,0,22,2021,1912787,33,9.8,2.7,0.9,2.4,36.7,0.7,1.5,47.9,0.2,0.5,44.4,0.2,0.8,0.9,0.6,0.3,0.5,0.1,1.4,51.2,13.4,-2.1,0.7,-1.4,-6.5,3,-3.5,-3.1,1.2,-2,0.1
Theo Pinson,Dallas Mavericks,SG,1,0,26,2022,1968175,19,7.8,2.5,0.7,2.1,35.9,0.5,1.6,33.3,0.5,0.5,100,0.1,1,1.1,0.9,0.3,0.3,0.1,0.6,55.3,13.8,-0.4,0.5,0.1,-10.1,2.7,-8.1,-2.6,0.9,-1.7,0.1
Facundo Campazzo,Dallas Mavericks,PG,1,0,31,2022,1836090,65,18.2,5.1,1.6,4.6,36.1,0.9,3,30.1,0.9,1.2,76.9,0.4,1.4,1.8,3.4,1,1,0.4,1.9,50.3,14.3,-0.8,1.7,1,-8.7,0.2,-8.9,-2.5,1.4,-1,1
Nikola Jokic,Denver Nuggets,C,0,1,22,2018,29542010,75,32.6,27.1,10.3,17.7,58.3,1.3,3.9,33.7,5.1,6.3,81,2.8,11,13.8,7.9,3.8,1.5,0.9,2.6,65,31,4.8,0.2,4.9,5.7,0.6,6.5,5.5,0.6,6.5,11.3
Jamal Murray,Denver Nuggets,PG,0,1,21,2019,31650600,75,32.6,18.2,6.8,15.6,43.7,2,5.5,36.7,2.5,3,84.8,0.9,3.4,4.2,4.8,2.1,0.9,0.4,2,53.8,24.1,1.1,0.6,1.7,3.4,-2,1.4,1.6,0.1,1.7,5.5
Michael Porter Jr,Denver Nuggets,SF,0,1,22,2021,34510000,61,31.3,19,7.3,13.4,54.2,2.8,6.3,44.5,1.7,2.2,79.1,1.5,5.8,7.3,1.1,1.3,0.7,0.9,2.1,66.3,21.4,2,-0.3,1.7,5.7,-1.4,4.3,2.8,-0.6,2.2,4.8
Aaron Gordon,Denver Nuggets,PF,0,1,25,2021,21650000,50,27.7,12.4,4.6,10,46.3,1.2,3.5,33.5,1.9,3,65.1,1.5,4.1,5.7,3.2,1.9,0.7,0.7,1.8,54.7,20.4,-0.9,1.1,0.2,1.3,1,2.3,-0.4,1.1,-0.7,2.4
Will Barton,Denver Nuggets,SF,1,0,30,2021,15000000,56,31,12.7,4.6,10.9,42.6,1.8,4.6,38.1,1.7,2.2,78.5,0.7,3.3,4,3.2,1.7,0.9,0.4,1.7,53.8,18.7,-0.8,-1.7,-2.5,2.9,-2.2,-0.7,-0.1,-1.9,-2,0.7
Monte Morris,Denver Nuggets,PG,0,1,24,2020,9258332,58,33,15.1,5.7,12.7,45,1.9,5,37.5,1.8,2.3,76.7,1.3,5,6.3,3.7,1.5,1.1,0.5,2.1,54.9,19.7,1,-2.4,-1.4,0.1,-1.1,-1,0.9,-2.3,-1.4,1.1
JaMychal Green,Denver Nuggets,PF,1,0,30,2021,8200000,58,19.3,8.1,3,6.4,46.3,1.4,3.4,39.9,0.8,1,80.7,1.5,3.3,4.8,0.9,0.9,0.4,0.4,2.5,59,17.2,0.4,-1.8,-1.4,-2,2,0,-0.1,-1.1,-1.2,0.9
Jeff Green,Denver Nuggets,PF,1,0,34,2021,4500000,68,27,11,3.8,7.8,49.2,1.5,3.7,41.2,1.8,2.4,77.6,0.5,3.4,3.9,1.6,0.8,0.5,0.4,1.8,62.4,15.4,-0.7,-0.7,-1.4,-0.4,-1.1,-1.5,-0.7,-0.8,-1.6,1.1
Bryn Forbes,Denver Nuggets,SG,1,0,28,2021,4500000,70,19.3,10,3.6,7.6,47.3,2.2,4.9,45.2,0.7,0.9,77,0.2,1.4,1.6,0.6,0.6,0.3,0,1.1,63.1,18,0.8,-3.9,-3,0.2,-1.8,1.6,0.7,-3.7,-3,-0.2
Austin Rivers,Denver Nuggets,PG,1,0,29,2021,2401537,36,23.5,7.9,2.9,6.8,42.4,1.5,4.1,36.9,0.6,0.9,71,0.2,2.1,2.3,2.3,1,0.8,0.1,1.8,55.1,15,-1.3,-0.3,-1.6,1.1,0.4,-0.6,-1.3,-0.2,-1.5,0.5
Bruce Brown Jr,Denver Nuggets,SG,1,0,25,2022,6640975,72,24.6,9,3.6,7,50.6,0.5,1.3,40.4,1.3,1.8,75.8,1.4,3.4,4.8,2.1,0.8,1.1,0.7,2.4,57.5,14.6,0.5,0.6,1.1,-0.3,-0.9,-1.2,0.3,0.3,0.7,3.3
Vlatko Cancar,Denver Nuggets,SF,1,0,25,2022,2271775,15,11.8,4.1,1.5,2.7,56.1,0.5,0.8,58.3,0.6,0.9,64.3,0.5,1.5,2.1,1.1,0.6,0.1,0.2,1.2,65.7,13.1,-2.7,-1.3,-4,-3.3,4.6,1.3,-3,-0.1,-3.1,0
Davon Reed,Denver Nuggets,SG,1,0,27,2022,1984359,48,13.9,4.4,1.7,3.4,50.3,0.8,1.8,43,0.2,0.3,66.7,0.3,2,2.3,1.1,0.3,0.5,0.2,1.3,62.4,11.7,0.2,0.1,0.3,-2.1,0.1,-2,-0.3,0.1,-0.2,0.9
DeAndre Jordan,Denver Nuggets,C,1,0,33,2022,2905851,48,13,4.3,1.9,3,64.3,0,0,0,0.5,0.8,55,1.7,3.8,5.5,0.4,0.8,0.3,0.7,1.5,64.1,13.2,-3.2,-1.8,-5,-4.9,-2.9,-7.8,-3.8,-2.1,-5.9,-1.1
Jeremi Grant,Detroit Pistons,PF,1,0,25,2020,20002500,71,26.6,12,4.3,8.9,47.8,1.4,3.5,38.9,2.1,2.8,75,0.8,2.7,3.5,1.2,0.9,0.7,0.8,2.2,59.1,17.7,-0.2,-1.1,-1.4,-0.7,-4.9,-5.6,-0.4,-2,-2.4,0.4
Kelly Olynyk,Detroit Pistons,C,1,0,29,2021,12398374,70,28.5,13.5,4.8,10,48.4,1.8,5.3,34.2,2.1,2.5,82.9,1.2,5.7,7,2.9,1.8,1.1,0.6,3,61,19,0.4,0.5,-0.1,0.8,-1.4,-0.7,0.5,-0.7,-0.2,2.6
Hamidou Diallo,Detroit Pistons,SF,1,0,22,2021,5200000,52,23.6,11.6,4.3,9,47.7,0.5,1.6,34.1,2.5,3.8,64,1.1,4.1,5.2,1.9,1.5,0.8,0.5,2.6,54.1,21.8,-0.9,-0.1,-1,-1.6,0.8,-0.8,-1,0.1,-0.9,1.1
Cory Joseph,Detroit Pistons,PG,1,0,29,2021,5032500,63,23,8.2,3.2,6.8,46.9,0.7,2.1,34.1,1.1,1.4,81.8,0.6,2,2.5,3.4,1.3,1,0.3,2.2,55.6,15.9,-0.9,0.9,0.1,-1.4,-2.3,-3.7,-1,0.4,-0.6,1.6
Frank Jackson,Detroit Pistons,PG,1,0,22,2021,3075000,40,18.5,9.8,3.4,7.3,45.7,1.5,3.8,40.7,1.5,1.9,81.3,0.4,1.8,2.2,0.9,0.9,0.4,0,1.3,59.8,20.7,0.1,-1.7,-1.7,-0.6,2.2,1.5,0,-1,-1,0.6
Carsen Edwards,Detroit Pistons,PG,1,0,22,2021,1815677,31,8.9,4,1.5,3.6,42.3,0.6,2,28.6,0.4,0.4,84.6,0.1,0.7,0.8,0.5,0.2,0.2,0,0.8,52.7,18.7,-0.7,-2.6,3.2,-3.2,-0.9,-4.1,-1.2,-2.4,-3.6,-0.1
Saben Lee,Detroit Pistons,PG,1,0,21,2021,1714613,48,16.3,5.6,2.1,4.4,47.1,0.2,0.5,34.8,1.3,1.9,68.5,0.4,1.6,2,3.6,1.1,0.7,0.3,1.6,53.6,17.1,-1.6,-2.1,-3.8,-1.5,-3,-4.5,-1.7,-2.4,-4.1,-0.5
Rodney McGruder,Detroit Pistons,SG,1,0,30,2021,1939350,16,12.1,5.7,2.3,4.4,52.9,0.7,1.5,45.8,0.4,0.5,75,0.5,0.9,1.4,1,0.4,0.5,0.1,0.8,61.9,17.9,2.2,-1.3,1,5,-2.7,2.3,3,-1.6,1.4,0.4
Marvin Bagley III,Detroit Pistons,PF,1,0,23,2022,12500000,48,23.9,11.3,4.7,9.3,50.4,0.5,2,23.7,1.4,2.1,66.3,2.2,4.9,7,0.8,0.8,0.5,0.4,1.9,55.1,19.1,-1.4,0,-1.4,1.5,-1,0.5,-0.9,-0.2,1,1
Kevin Knox,Detroit Pistons,SF,1,0,22,2022,3000000,30,7.4,3.1,1,2.8,36.5,0.5,1.8,27.8,0.5,0.7,72.7,0.5,1,1.5,0.3,0.2,0.1,0.1,0.6,49.1,18.7,-0.6,-5.9,-6.5,-5.9,-3.3,-9.2,-1.8,-5.7,-7.4,-0.5
Stephen Curry,Golden State Warriors,PG,0,1,32,2021,53838416,63,34.2,32,10.4,21.7,48.2,5.3,12.7,42.1,5.7,6.3,91.6,0.5,5,5.5,5.8,3.4,1.2,0.1,1.9,65.5,33.1,8.9,-2.4,6.5,5.5,0.5,6,8.7,-1.9,6.8,10.8
Klay Thompson,Golden State Warriors,SG,0,1,28,2019,37980720,78,34,21.5,8.4,18,46.7,3.1,7.7,40.2,1.7,2,81.6,0.5,3.4,3.8,2.4,1.5,1.1,0.6,2,57.1,25.4,1,-0.3,0.7,0.9,-2.7,-1.8,0.9,-0.8,0.1,3.9
Andrew Wiggins,Golden State Warriors,SF,0,1,22,2017,29542010,82,37.2,23.6,8.6,19.1,45.2,1.3,3.5,35.6,5,6.6,76,1.2,2.8,4,2.3,2.3,1,0.4,2.2,53.4,28.6,0.8,-0.7,0.1,4.1,-1,3.1,1.4,-0.8,0.7,5.4
Draymond Green,Golden State Warriors,PF,0,1,28,2019,24916591,66,31.3,7.4,2.8,6.4,44.5,0.7,2.5,28.5,1,1.4,69.2,0.9,6.4,7.3,6.9,2.6,1.4,1.1,3,52.6,12.8,-0.8,3.4,2.6,2.2,3.4,5.6,-0.3,3.5,3.3,6.4
Kevon Looney,Golden State Warriors,C,1,0,23,2019,4821429,80,18.5,6.3,2.7,4.3,62.5,0,0.1,10,0.8,1.3,61.9,2.4,2.8,5.2,1.5,0.6,0.6,0.7,2.6,63.6,12.2,-0.1,2.6,2.5,2.3,2.8,5.1,0.4,2.7,3.1,4.4
Andre Iguodala,Golden State Warriors,SF,1,0,38,2021,2641691,63,21.3,4.4,1.5,3.9,38.3,1,2.9,33,0.4,0.6,65.8,0.6,2.9,3.5,2.3,1.1,0.9,0.6,1.4,51.9,10.9,-2.2,1.1,-1.1,-2.6,1.1,-1.4,-2.4,1.2,-1.2,1
Otto Porter Jr.,Golden State Warriors,SF,1,0,28,2021,2389641,28,21.7,9.7,3.5,8.1,43.2,1.4,3.7,37.5,1.3,1.5,85.7,1,4.4,5.4,2,0.9,0.6,0.1,1.5,55.2,18.4,-0.1,-1.6,-1.6,-2.5,1.9,-0.7,-0.6,-0.9,-1.5,0.4
Nemanja Bjelica,Golden State Warriors,PF,1,0,33,2021,2089448,37,16.1,6.5,2.4,5.3,45.4,0.7,2.3,31.8,1,1.4,72.5,0.8,2.6,3.4,1.9,0.9,0.4,0.1,1.8,55.4,17.9,-0.8,-2.9,-3.7,-1.1,-3.1,-4.1,-0.9,-3,-3.9,-0.4
Gary Payton II,Golden State Warriors,PG,1,0,29,2021,1939350,10,4,2.5,1,1.3,76.9,0.2,0.4,50,0.3,0.4,75,0.2,0.9,1.1,0.1,0.1,0.6,0.1,0.8,84.7,15.3,4.9,5.4,10.2,-1.3,1.1,-0.2,3.9,4.8,8.6,0.2
Damion Lee,Golden State Warriors,SG,1,0,29,2019,1505328,32,11.7,4.9,1.8,4,44.1,0.8,2.1,39.7,0.6,0.7,86.4,0.3,1.8,2,0.4,0.3,0.4,0,0.9,57.8,16.4,0.4,-0.7,-0.3,6,-2,-8,-0.9,-1,-2,0.1
Juan Toscano-Anderson,Golden State Warriors,PF,1,0,28,2020,1029944,13,20.9,5.3,2.2,4.8,46,0.6,1.8,34.8,0.2,0.4,60,0.7,3.3,4,2,1.2,1,0.4,2.3,52.9,12.5,-2.4,0.9,-1.6,-2.5,-1.5,-3.9,-2.5,0.5,-2,0.1
Donte DiVincenzo,Golden State Warriors,SG,1,0,25,2022,4612500,42,23.9,9,2.8,8,35.1,1.8,5.2,33.9,1.7,2,84.3,1,3.1,4,2.8,1.7,1.1,0.2,1.6,51,18.7,-1.7,1.2,-0.5,-2.5,0.8,-1.7,-2,1.2,-0.8,1
Jordan Poole,Golden State Warriors,SG,0,1,23,2022,32000000,76,30,18.5,6.2,13.9,44.8,2.8,7.6,36.4,3.2,3.5,92.5,0.4,3,3.4,4,2.5,0.8,0.3,2.7,59.8,25.2,2.3,-1.2,1.1,0.1,0,0.1,2,-1.1,0.9,5.5
John Wall,Houston Rockets,PG,0,1,26,2017,42782880,40,32.2,20.6,7.3,18.2,40.4,2,6.2,31.7,4,5.3,74.9,0.4,2.8,3.2,6.9,3.5,1.1,0.8,1.2,51,24.2,3.9,-1,3.2,4.8,-0.4,4.4,4.4,-0.9,3.6,9.3
Eric Gordon,Houston Rockets,SG,0,1,30,2019,18893589,68,31.7,16.2,5.6,13.8,40.9,3.2,8.8,36,1.8,2.2,78.3,0.3,1.9,2.2,1.9,1.3,0.6,0.4,2.1,54.9,21.5,0.1,-2.5,-2.4,3.8,1,4.8,0.8,-1.9,-1.1,1.8
Christian Wood,Houston Rockets,C,1,0,24,2020,13666667,62,21.4,13.1,4.6,8.2,56.7,0.9,2.3,38.6,2.9,3.9,74.4,1.7,4.6,6.3,1,1.4,0.5,0.9,1.6,65.9,22.3,1.4,2.5,3.9,2.8,2.2,5.1,1.8,2.7,4.4,4.9
David Nwaba,Houston Rockets,SF,1,0,28,2021,5000000,30,22.6,9.2,3.5,7.3,48.6,0.6,2.1,27,1.6,2.3,69.1,1.3,2.6,3.9,1,0.6,1,0.7,2,55.7,16.3,-0.3,3.5,3.2,-0.8,2.4,1.6,-0.4,3.6,3.2,2.1
Garrison Matthews,Houston Rockets,SG,1,0,24,2021,2057563,64,16.2,5.5,1.5,3.7,40.9,1.2,3.1,38.4,1.3,1.5,88.4,0.3,1.1,1.4,0.4,0.2,0.5,0.1,1.7,63.5,11.1,0.8,1.2,2.1,-2,-2,-4,0.3,0.7,0.9,2
Dennis Schroder,Houston Rockets,PG,1,0,28,2021,5890000,61,32.1,15.4,5.4,12.5,43.7,1.2,3.5,33.5,3.4,4,84.8,0.5,3,3.5,5.8,2.7,1.1,0.2,2.6,54.3,22.7,-0.6,0.4,-0.2,2.5,-2.3,0.2,0.1,-0.2,-0.2,2.6
Jae'Sean Tate,Houston Rockets,SF,1,0,26,2022,6876811,78,26.4,11.8,4.7,9.3,49.8,0.8,2.6,31.2,1.7,2.4,70.7,1.7,3.7,5.4,2.8,1.8,0.9,0.5,3.7,56.7,19.4,-1.1,0.6,-0.5,-2,0.8,-1.2,-1.3,0.8,-0.5,2.3
Bruno Fernando,Houston Rockets,PF,1,0,24,2022,2717391,30,5.1,2.9,1.2,1.8,65.5,0,0.1,50,0.5,0.8,62.5,0.6,1.2,1.8,0.2,0.5,0,0.4,0.8,67.1,19.7,-1.7,2.2,0.5,-7.4,-0.7,-8.1,-2.9,1.8,-1.2,0.1
Kevin Porter Jr,Houston Rockets,SG,0,1,22,2022,15860000,61,31.3,15.6,5.5,13.2,41.5,2.5,6.8,37.5,2,3.2,64.2,0.7,3.7,4.4,6.2,3.1,1.1,0.4,2.6,53.1,23.9,-0.1,-0.5,-0.6,0.9,1.2,2.1,0.2,-0.1,0.1,2.8
Malcolm Brogdon,Indiana Pacers,PG,1,0,28,2021,22500000,56,34.5,21.2,7.9,17.5,45.3,2.6,6.7,38.8,2.7,3.2,86.4,1,4.2,5.3,5.9,2.1,0.9,0.3,2,56.1,25.7,2,-2.1,0,-0.9,2.1,1.2,1.5,-1.3,0.2,2.9
Buddy Hield,Indiana Pacers,SG,0,1,26,2019,23500000,82,31.9,20.7,7.6,16.6,45.8,3.4,7.9,42.7,2.1,2.4,88.6,1.3,3.7,5,2.5,1.8,0.7,0.4,2.5,58.7,24.3,2.5,-0.7,1.8,0.3,-1.1,-0.8,2.2,-0.8,1.4,5.5
Myles Turner,Indiana Pacers,C,0,1,21,2018,18000000,65,28.2,12.7,4.7,9.8,47.9,0.9,2.4,35.7,2.5,3.2,77.7,1.4,5,6.4,1.3,1.5,0.6,1.8,2.9,56.7,19.9,-2,-0.5,-2.5,-0.7,0.3,-0.4,-1.8,-0.4,-2.2,0.5
TJ McConnell,Indiana Pacers,PG,1,0,28,2021,8400000,69,26,8.6,4,7.1,55.9,0.2,0.7,31.3,0.5,0.7,68.8,0.8,2.9,3.7,6.6,2,1.9,0.3,1.6,58.3,14.9,1.1,1.2,2.3,2.1,-0.4,1.8,1.4,0.9,2.3,4.7
Oshae Brissett,Indiana Pacers,SF,1,0,22,2021,1800000,21,24.7,10.9,3.5,7.2,48.3,1.6,3.7,42.3,2.4,3.1,76.9,1.4,4.1,5.5,0.9,0.5,0.9,1,1.5,63.8,14.9,0.9,0.2,1.2,3.6,-2,1.5,1.6,-0.2,1.3,1.1
Duane Washington Jr,Indiana Pacers,PG,1,0,21,2022,1700000,48,20.2,9.9,3.6,8.9,40.5,1.7,4.5,37.7,1,1.3,75.4,0.1,1.6,1.7,1.8,1.2,0.5,0.1,1.4,52.1,21.4,-0.7,-1.6,-2.3,-1.8,-2.6,-4.3,-1,-1.9,-2.8,0
Ricky Rubio,Indiana Pacers,PG,1,0,29,2019,17000000,68,27.9,12.7,4.3,10.7,40.4,1.2,3.7,31.1,2.9,3.4,85.5,0.5,3.1,3.6,6.1,2.6,1.3,0.1,2.6,52,22.1,-0.4,1.3,0.9,1.3,1.1,2.4,-0.1,1.2,1.2,3.8
TJ Warren,Indiana Pacers,PF,0,1,25,2018,11750000,65,33,19.6,8.1,16.4,49.8,0.3,1.4,22.2,3,3.9,75.7,1.9,3.2,5.1,1.3,1.3,1,0.6,2.3,54.1,24.3,-0.3,-0.2,-0.5,1.2,-1.8,-0.6,0.1,-0.5,-0.4,2.6
Jalen Smith,Indiana Pacers,PF,1,0,22,2022,5043773,51,18.1,9.2,3.5,6.9,50.3,0.8,2.4,32.8,1.5,2,76.5,2,4,6,0.5,0.8,0.3,0.8,1.9,59.5,19.3,-0.5,-1,-1.5,-0.3,1.7,1.3,-0.5,-0.5,-1,0.8
Paul George,Los Angeles Clippers,SF,0,1,29,2020,44066367,48,29.6,21.5,7.1,16.3,43.9,3.3,7.9,41.2,4,4.5,87.6,0.5,5.2,5.7,3.9,2.6,1.4,0.4,2.4,58.9,29.2,4.5,2.9,7.4,3.7,0.3,4,4.6,2.4,7,7.1
Kawhi Leonard,Los Angeles Clippers,SF,1,0,29,2021,44066288,52,34.1,24.8,8.9,17.5,51.2,1.9,4.9,39.8,5,5.7,88.5,1.1,5.4,6.5,5.2,2,1.6,0.4,1.6,62.2,28.2,5.7,1.4,7.2,7.4,1.9,9.3,6.3,1.6,7.9,9.6
Norman Powell,Los Angeles Clippers,SG,1,0,27,2021,18000000,69,32,18.6,6.3,13.3,47.7,2.5,6,41.1,3.4,3.9,87.1,0.6,2.5,3.1,1.9,1.7,1.2,0.3,2.3,61.8,22.1,1.3,-0.8,0.5,0.1,-0.2,-0.2,1.1,-0.7,0.4,3.6
Marcus Morris Sr,Los Angeles Clippers,PF,1,0,30,2020,16000000,62,31.2,16.7,5.7,13.1,43.8,2.3,5.6,40.8,2.9,3.5,82.3,1,4.1,5,1.4,1.6,0.8,0.5,2.9,57,21.6,0,-0.3,-0.4,2.7,0.6,3.3,0.6,-0.2,0.4,3.1
Luke Kennard,Los Angeles Clippers,SG,0,1,23,2020,14000000,28,32.9,15.8,5.4,12.2,44.2,2.6,6.5,39.9,2.4,2.7,89.3,0.3,3.2,3.5,4.1,1.5,0.4,0.2,2.3,58.9,19.3,2.5,-3.2,-0.7,1.3,-1.4,-0.1,2.4,-3,-0.6,1
Robert Covington,Los Angeles Clippers,PF,0,1,31,2022,12000000,71,27.3,8.5,2.9,7,42,1.8,4.8,37.8,0.8,1,84.1,0.8,4.7,5.5,1.3,1.1,1.5,1.3,2.7,57.2,13.4,-1.1,2.6,1.6,0.8,1.7,2.5,-0.7,2.6,1.9,4.6
Reggie Jackson,Los Angeles Clippers,PG,1,0,30,2021,10799880,67,23,10.7,3.9,8.7,45,1.8,4.2,43.3,1,1.2,81.7,0.4,2.5,2.9,3.1,1.1,0.6,0.1,1.9,57.6,19.5,1.2,-0.5,0.7,2.8,0.1,2.9,1.6,-0.4,1.1,3.1
Ivica Zubac,Los Angeles Clippers,C,1,0,21,2019,7000000,59,17.6,8.9,3.6,6.4,55.9,0,0,0,1.7,2.1,80.2,1.9,4.2,6.1,1.1,1.2,0.2,0.9,2.3,60.4,19.9,-2.4,1.2,-1.1,-1.4,2.9,1.5,-2.3,1.6,-0.7,1.1
Nicolas Batum,Los Angeles Clippers,SF,1,0,32,2021,3249280,67,27.4,8.1,2.9,6.1,46.4,1.6,4.1,40.4,0.7,0.9,82.8,0.7,4,4.7,2.2,0.8,1,0.6,1.5,61.7,11.6,-0.2,2.5,2.3,1.1,2,3.1,0,2.5,2.6,5
Terance Mann,Los Angeles Clippers,SG,0,1,24,2021,11000000,67,18.9,7,2.7,5.2,50.9,0.6,1.4,41.8,1.2,1.4,83,0.8,2.8,3.6,1.6,0.6,0.4,0.2,1.9,60.3,14.4,0.3,-0.4,0,-1.5,0.6,-0.9,-0.1,-0.2,-0.3,1.6
Rodney Hood,Los Angeles Clippers,SF,1,0,29,2021,2239544,55,17.1,4.5,1.7,4.7,36.2,0.6,2.1,30.1,0.4,0.5,85.7,0.4,1.5,1.9,1,0.7,0.4,0.1,1.3,45.2,13.9,-3.7,-1.3,4.9,-4.5,-0.9,-5.3,-4.1,-1.2,-5.3,-1.2
Isaiah Hartenstein,Los Angeles Clippers,C,1,0,23,2021,1729217,46,12.1,5.1,2,3.7,55,0,0.1,33.3,1,1.5,64.8,1.4,2.5,3.9,1.2,1,0.4,0.8,2.3,58.3,18.7,-2.9,4,1,-0.2,1.3,1,-2.5,3.6,1.1,1.1
Amir Coffey,Los Angeles Clippers,SG,1,0,25,2022,3666667,69,22.7,9,3.1,6.8,45.3,1.4,3.7,37.8,1.5,1.7,86.3,0.4,2.5,2.9,1.8,0.7,0.6,0.2,1.3,59.8,15.4,0.2,-0.6,-0.4,0.3,-1.6,-1.3,0.3,-0.9,-0.6,1.7
Russell Westbrook,Los Angeles Lakers,PG,0,1,28,2017,41358814,52,28.7,15.9,5.8,14,41.7,1.2,4.1,28.7,3,4.6,65.5,1.1,5.1,6.2,7.5,3.5,1.6,0.4,2.3,51,29,7.6,-1.5,6.1,6.2,-0.1,6.1,7.8,-1.3,6.5,13.8
LeBron James,Los Angeles Lakers,SF,0,1,35,2020,42827766,67,34.6,25.3,9.6,19.4,49.3,2.2,6.3,34.8,3.9,5.7,69.3,1,6.9,7.8,10.2,3.9,1.2,0.5,1.8,57.7,30.8,6.2,-0.4,5.8,5,5.5,10.5,6.3,0.7,7.1,11.6
Anthony Davis,Los Angeles Lakers,PF,1,0,26,2020,37980720,62,34.4,26.1,8.9,17.7,50.3,1.2,3.5,33,7.2,8.5,84.6,2.3,7,9.3,3.2,2.5,1.5,2.3,2.5,61,28.4,2.9,4.4,7.3,-2.4,0.3,-2.2,2,3.7,5.7,9.3
Talen Horton-Tucker,Los Angeles Lakers,SG,0,1,20,2021,10260000,65,20.1,9,3.4,7.5,45.8,0.6,2,28.2,1.5,2,77.5,0.4,2.2,2.6,2.8,1.6,1,0.3,2,53.6,21,-1,1,0.1,-2.5,1.6,-0.9,-1.3,1.1,-0.2,1.7
Kendrick Nunn,Los Angeles Lakers,PG,1,0,25,2021,5125000,56,29.5,14.6,5.7,11.8,48.5,2.2,5.7,38.1,1,1.1,93.3,0.4,2.8,3.2,2.6,1.4,0.9,0.3,1.9,59.6,20.5,0.2,-1,-0.8,1.8,2.5,-0.7,0.6,-1.4,-0.8,1.6
Carmelo Anthony,Los Angeles Lakers,PF,1,0,37,2021,2641691,69,24.5,13.4,4.7,11.3,42.1,1.9,4.7,40.9,2,2.2,89,0.5,2.6,3.1,1.5,0.9,0.7,0.6,2.1,54.7,22.8,0.8,-2.3,-1.5,-1.4,-3.6,-5,0.3,-2.7,-2.4,0.3
Avery Bradley,Los Angeles Lakers,SG,1,0,31,2021,2641691,27,22.3,6.4,2.4,6.3,37.4,1.2,3.7,32.7,0.4,0.6,80,0.3,1.8,2.1,1.7,1,0.8,0.1,2,48.7,14.6,-3.9,-2,-5.8,-1.7,-1.7,-3.4,-3.6,-2,-5.6,-0.9
Wayne Ellington,Los Angeles Lakers,SG,1,0,34,2021,2641691,46,22,9.6,3.2,7.3,44.1,2.5,6,42.2,0.6,0.8,80,0.3,1.6,1.8,1.5,0.7,0.4,0.2,1.3,62.5,16.2,1.4,-1.4,0,2.6,-2.7,-0.1,1.7,-1.8,0,1.4
Dwight Howard,Los Angeles Lakers,C,1,0,36,2021,2641691,69,17.3,7,2.6,4.4,58.7,0.1,0.3,25,1.8,3,57.6,2.8,5.7,8.4,0.9,1.6,0.4,0.9,2.9,61,17.3,-1.5,1.2,-0.3,-3.9,-0.3,-4.2,-2.1,0.9,-1.2,0.9
Kent Bazemore,Los Angeles Lakers,SF,1,0,32,2021,2401537,67,19.9,7.2,2.6,5.9,44.9,1.1,2.7,40.8,0.8,1.2,69.2,0.4,3,3.4,1.6,1.2,1,0.5,2.4,56.4,15.9,-2.5,2,-0.5,0.7,4.8,5.5,-2,2.7,0.7,2.4
Malik Monk,Los Angeles Lakers,SG,1,0,23,2021,1789256,42,20.9,11.7,4.1,9.5,43.4,2,5,40.1,1.4,1.7,81.9,0.3,2.1,2.4,2.1,1.3,0.5,0.1,1.1,56.9,22.7,0.8,-2.5,-1.7,-0.4,1.4,1,0.6,-1.8,-1.2,0.7
Troy Brown,Los Angeles Lakers,SF,1,0,22,2022,1968175,66,16,4.3,1.6,3.9,41.9,0.7,2,35.3,0.3,0.4,76.9,0.6,2.5,3.1,1,0.4,0.5,0.1,0.9,52.5,11.8,-1.8,0.3,-1.4,-0.9,-1.2,-2.1,-1.7,0.1,-1.6,0.6
Damian Jones,Los Angeles Lakers,C,1,0,27,2022,2442525,56,18.2,8.1,3.1,4.8,65.8,0.2,0.5,34.5,1.7,2.3,71.8,1.3,3.1,4.4,1.2,1.1,0.5,0.8,2.3,70.1,16.3,-0.8,-1.5,-2.3,-1.9,-1.6,-3.5,-1,-1.5,-2.5,0.1
Lonnie Walker IV,Los Angeles Lakers,SG,1,0,23,2022,6479000,70,23,12.1,4.4,10.9,40.7,1.6,5,31.4,1.7,2.1,78.4,0.3,2.3,2.6,2.2,1,0.6,0.3,1.4,51.2,23.2,-1.2,-1.9,-3.1,-1.6,-1.1,-2.7,-1.4,-1.8,-3.2,-0.4
Jaren Jackson Jr,Memphis Grizzlies,PF,0,1,21,2020,26180000,57,28.5,17.4,6.2,13.2,46.9,2.5,6.5,39.4,2.4,3.3,74.7,1,3.6,4.6,1.4,1.7,0.7,1.6,4.1,59.3,23.8,-1.1,0.6,-0.5,-2,-3,-5,-1.3,-0.2,-1.5,1.1
Steven Adams,Memphis Grizzlies,C,0,1,26,2020,17500000,63,26.7,10.9,4.5,7.6,59.2,0,0,33.3,1.9,3.2,58.2,3.3,6,9.3,2.3,1.5,0.8,1.1,1.9,60.4,16.8,0.5,1.7,2.3,1,0.9,1.9,0.7,1.7,2.3,4.3
Dillon Brooks,Memphis Grizzlies,SG,0,1,24,2020,11666667,73,28.9,16.2,6,14.6,40.7,2,5.6,35.8,2.2,2.8,80.8,0.9,2.4,3.3,2.1,1.7,0.9,0.4,3.8,51,24.7,-1.2,-0.3,-1.5,1.6,-0.3,1.3,-0.6,-0.3,-1,1.9
Kyle Anderson,Memphis Grizzlies,SF,1,0,25,2018,9289075,74,26.7,7.9,3.1,5.9,52.7,0.3,0.8,33.3,1.4,2,71.2,1.1,4.2,5.4,2.7,1.3,1.6,0.8,1.5,58.2,13.3,-0.4,3.2,2.8,-0.2,2.2,2.1,-0.3,3.1,2.8,5.6
De'Anthony Melton,Memphis Grizzlies,SG,1,0,21,2020,8656922,60,19.5,7.6,2.7,6.7,40.1,0.7,2.3,28.6,1.6,2,76.9,0.7,3,3.7,2.9,1.4,1.3,0.3,1.8,50.1,18.5,-0.6,1.7,1.1,2.8,3.3,6,0.1,2.1,2.2,3
John Konchar,Memphis Grizzlies,SG,1,0,23,2020,2250000,19,9.5,2.8,1.3,1.9,64.9,0.3,0.5,50,0.1,0.1,50,0.9,1.5,2.5,1.2,0.4,0.4,0.2,0.4,71.3,9.7,2.2,3.2,5.4,1.1,1.3,2.3,2.1,3,5.1,0.7
Tyus Jones,Memphis Grizzlies,PG,1,0,23,2019,8815100,68,22.9,6.9,2.7,6.6,41.5,0.6,1.9,31.7,0.9,1,84.1,0.3,1.6,2,4.8,0.7,1.2,0.1,1.1,49.1,13.9,0.5,-0.3,0.2,-0.8,1.5,0.8,0.2,0.1,0.3,2.4
Ja Morant,Memphis Grizzlies,PG,0,1,22,2022,38860000,57,33.1,27.4,10.2,20.6,49.3,1.5,4.5,34.4,5.5,7.3,76.1,1.4,4.4,5.7,6.7,3.4,1.2,0.4,1.5,57.5,33,5.2,-0.5,4.8,2.7,-3,-0.2,5,-1,3.9,7.7
Brandon Clarke,Memphis Grizzlies,PF,0,1,26,2022,12500000,64,19.5,10.4,4.5,7,64.4,0.1,0.3,22.7,1.3,2,65.4,2.1,3.2,5.3,1.3,0.5,0.6,1.1,1.9,66,17.1,1.7,1.4,3,-0.4,2.8,2.4,1.3,1.7,3,4.6
Jimmy Butler,Miami Heat,SF,1,0,29,2019,35197650,65,33.6,18.7,6.4,13.9,46.2,1,3,34.7,4.8,5.6,85.5,1.9,3.4,5.3,4,1.5,1.9,0.6,1.7,57.1,21.8,3.1,1.9,5,2.2,0.2,2.4,3.1,1.7,4.7,8.3
Bam Adebayo,Miami Heat,C,0,1,22,2020,32600060,72,33.6,15.9,6.1,11,55.7,0,0.2,14.3,3.7,5.3,69.1,2.4,7.8,10.2,5.1,2.8,1.1,1.3,2.5,59.8,21.2,-1.3,2.3,1,2.9,0.9,3.8,-0.6,2.1,1.6,5.3
Kyle Lowry,Miami Heat,PG,1,0,34,2021,28333334,46,34.8,17.2,5.7,13,43.6,2.8,7.2,39.6,3,3.5,87.5,0.8,4.6,5.4,7.3,2.7,1,0.3,3.1,59.3,20.9,2.4,-0.6,1.8,1.2,-2.8,-1.7,2.3,-1.1,1.2,3.3
Duncan Robinson,Miami Heat,SG,1,0,26,2021,18000000,72,31.4,13.1,4.4,10,43.9,3.5,8.5,40.8,0.9,1,82.7,0.1,3.4,3.5,1.8,1.1,0.6,0.3,2.5,62.8,16.2,0.2,-1,-0.7,1.6,1.5,3.1,0.5,-0.5,0,3.2
PJ Tucker,Miami Heat,PF,1,0,35,2021,7175000,52,26.1,3.7,1.3,3.4,37.3,0.8,2.3,33.6,0.4,0.5,75,1,2.9,3.9,1.2,0.8,0.8,0.4,2.4,51,7.2,-5,-0.2,-5.2,-1.1,-3.2,-4.3,-4.5,-0.8,-5.3,-1.8
Markieff Morris,Miami Heat,PF,1,0,32,2021,2641691,61,19.7,6.7,2.5,6.2,40.5,1.1,3.4,31.1,0.6,0.8,72,0.8,3.6,4.4,1.2,0.9,0.4,0.3,1.7,50.9,16,-2.7,-0.2,-2.8,-2.1,-0.7,-2.9,-2.7,-0.4,-3,-0.2
Dewayne Dedmon,Miami Heat,C,1,0,32,2021,2389641,16,13.2,7.1,2.9,4.1,70.8,0.1,0.3,20,1.3,1.7,74.1,1.8,3.6,5.4,0.8,0.8,0.6,0.4,2.3,73.5,18.3,1,1.1,2.2,9,1.4,10.4,2.8,1.2,4,0.7
Victor Oladipo,Miami Heat,SG,1,0,29,2021,2389641,33,32.7,19.8,7.1,17.5,40.8,2.4,7.2,32.6,3.2,4.2,75.4,0.4,4.5,4.8,4.6,2.5,1.4,0.4,2.5,51.2,28.6,-1.3,1.4,0.1,-2.3,1.6,-0.6,-1.5,1.6,0.1,1.6
Caleb Martin,Miami Heat,SG,1,0,26,2022,6802950,60,22.9,9.2,3.5,6.8,50.7,1.1,2.6,41.3,1.2,1.6,76.3,1.2,2.7,3.8,1.1,0.9,1,0.5,1.7,61.1,15.8,-0.8,3,2.2,1.1,0.4,1.6,-0.5,2.5,2.1,3.9
Udonis Haslem,Miami Heat,PF,1,0,42,2022,2905851,13,6.4,2.5,1.1,2.4,45.2,0.1,0.3,25,0.2,0.2,100,0.3,1.6,1.9,0.3,0.4,0.1,0.1,1.2,49.5,18.3,-7.3,-10.4,-17.7,-10.6,1.3,-9.2,-8.4,-8.6,-17.1,-0.6
Tyler Herro,Miami Heat,SG,0,1,22,2022,30000000,66,32.6,20.7,7.6,17,44.7,2.7,6.7,39.9,2.9,3.3,86.8,0.5,4.5,5,4,2.6,0.7,0.1,1.4,56.1,27.8,1.5,-1.1,0.4,0.3,-1.2,-0.9,1.3,-1.3,0.1,3.6
Giannis Antetokounmpo,Milwaukee Bucks,PF,0,1,25,2020,45640084,63,30.4,29.5,10.9,19.7,55.3,1.4,4.7,30.4,6.3,10,63.3,2.2,11.4,13.6,5.6,3.7,1,1,3.1,61.3,36.3,5.7,3,8.7,3.2,6.7,9.9,5.5,3.9,9.3,12
Khris Middleton,Milwaukee Bucks,SF,1,0,27,2019,35500000,77,31.1,18.3,6.6,14.9,44.1,2.3,6.2,37.8,2.8,3.4,83.7,0.6,5.3,6,4.3,2.3,1,0.1,2.2,55.8,24.6,1.9,0.8,2.8,2.1,1.3,3.4,2,0.9,3,7
Jrue Holiday,Milwaukee Bucks,PG,0,1,30,2021,33749333,59,32.3,17.7,7,13.9,50.3,1.9,4.8,39.2,1.8,2.3,78.7,1.2,3.3,4.5,6.1,2.2,1.6,0.6,1.7,59.2,21.7,3.1,0.8,4,2.8,1.8,4.6,3.2,1.1,4.2,6.8
Brook Lopez,Milwaukee Bucks,C,1,0,30,2019,13000000,81,28.7,12.5,4.4,9.7,45.2,2.3,6.3,36.5,1.4,1.6,84.2,0.4,4.5,4.9,1.2,1,0.6,2.2,2.3,59.7,16.5,-1.4,1.1,-0.2,2.2,0,2.2,-0.8,0.9,0.2,3.5
Serge Ibaka,Milwaukee Bucks,C,1,0,32,2021,6424733,41,23.3,11.1,4.5,8.9,51,1,2.8,33.9,1,1.3,81.1,1.8,4.9,6.7,1.8,1.1,0.2,1.1,1.9,58.5,20,-1.1,2.9,1.7,2.6,-1.5,1.1,-0.5,2.1,1.6,2.1
Grayson Allen,Milwaukee Bucks,SG,0,1,25,2021,9350000,50,25.2,10.6,3.5,8.3,41.8,2.1,5.5,39.1,1.6,1.8,86.8,0.4,2.8,3.2,2.2,1,0.9,0.2,1.4,58.6,16.4,0.4,0.5,0.8,-1,-0.5,-1.6,0.1,0.3,0.4,2
Pat Connaughton,Milwaukee Bucks,SF,1,0,27,2020,5333333,67,18.6,5.4,2,4.5,45.5,0.8,2.5,33.1,0.5,0.6,77.5,0.9,3.3,4.2,1.6,0.8,0.4,0.5,1,56.5,11.8,-1,1.3,0.3,-1.5,-2.2,-3.7,-1.2,0.5,-0.7,1.3
Bobby Portis,Milwaukee Bucks,PF,1,0,25,2021,4456290,66,20.8,11.4,4.7,9.1,52.3,1.1,2.4,47.1,0.8,1.1,74,1.9,5.2,7.1,1.1,0.8,0.8,0.4,1.7,59.8,20.2,1.3,1.6,2.9,0.1,0.7,0.8,1.1,1.5,2.6,3.7
George Hill,Milwaukee Bucks,PG,1,0,35,2021,4000000,30,22.4,8.7,3.2,6.6,48.2,1,2.7,38.8,1.3,1.7,80,0.5,1.5,2,2.4,1,0.8,0.2,1,59.6,16.1,0.2,0.4,0.6,2.5,0,2.5,0.8,0.3,1.1,1.3
Thanasis Antetokounmpo,Milwaukee Bucks,SF,1,0,28,2021,1803969,57,9.7,2.9,1.2,2.4,48.9,0.1,0.5,24.1,0.4,0.9,51,0.9,1.2,2.2,0.8,0.8,0.4,0.2,1.3,52.3,14.7,-2.8,1.5,1.3,-2.1,3.3,1.3,-2.9,2,-0.9,0.5
Jevon Carter,Milwaukee Bucks,PG,1,0,26,2022,2169972,66,13.7,4.2,1.5,3.8,38.7,1,2.6,38.8,0.2,0.3,83.3,0.2,1.5,1.7,1.5,0.5,0.4,0.2,1,53.1,13.5,-1.6,-1.2,-2.8,-1.2,0.8,-0.4,-1.6,-0.9,-2.5,0.1
Wesley Matthews,Milwaukee Bucks,SG,1,0,35,2022,2905851,49,20.5,5.1,1.8,4.5,39.5,1.1,3.2,33.8,0.4,0.6,78.6,0.6,1.3,1.9,0.7,0.4,0.5,0.2,1.8,53.6,10.4,-1.7,2.8,1.1,0.8,3,3.8,-1.3,3,1.7,3.1
Jordan Nwora,Milwaukee Bucks,SF,1,0,24,2022,2900000,62,19.1,7.9,3,7.5,40.3,1.3,3.7,34.8,0.6,0.7,83.7,0.6,3,3.6,1,0.9,0.4,0.3,1.3,50.6,18.7,-3.2,-2.2,-5.4,-1.7,-2.8,-4.5,-3.1,-2.5,-5.6,-1.8
Karl-Anthony Towns,Minnesota Timberwolves,C,0,1,22,2018,31650600,82,35.6,21.3,7.8,14.3,54.5,1.5,3.5,42.1,4.2,4.9,85.8,2.9,9.4,12.3,2.4,1.9,0.8,1.4,3.5,64.6,22.5,3.1,-0.3,2.9,8,0.8,8.8,4.3,0,4.2,10.3
D'Angelo Russell,Minnesota Timberwolves,PG,1,0,22,2019,29331375,81,30.2,21.1,8.1,18.7,43.4,2.9,7.8,36.9,2,2.5,78,0.7,3.2,3.9,7,3.1,1.2,0.2,1.7,53.3,31.1,3,-0.6,2.4,0.8,-0.4,0.4,2.7,-0.6,2.2,6.2
Malik Beasley,Minnesota Timberwolves,SG,1,0,23,2020,15000000,55,22,11.2,4.1,9.7,42.5,1.9,5,38.8,1,1.2,81.8,0.3,2.4,2.7,1.4,1,0.7,0.1,1.4,54.6,20.8,-0.8,-1.2,-1.9,0.9,-1.8,-1,-0.5,-1.4,-1.9,0.6
Patrick Beverley,Minnesota Timberwolves,PG,0,1,33,2022,13000000,58,25.4,9.2,3.1,7.5,40.6,1.4,4.2,34.3,1.7,2.3,72.2,1.1,3.1,4.1,4.6,1.3,1.2,0.9,3,53.9,15.8,2.4,2,4.4,-0.3,1.5,1.2,1.9,2,3.9,5
Taurean Prince,Minnesota Timberwolves,PF,1,0,26,2020,12625000,64,29,12.1,4.3,11.5,37.6,2.3,6.7,33.9,1.1,1.4,79.8,0.8,5.2,6,1.8,2,0.9,0.4,2.5,49.7,20,-2.9,0.2,-2.8,0.4,0.4,0.8,-2.4,0.2,-2.2,0.6
Jarred Vanderbilt,Minnesota Timberwolves,PF,1,0,21,2021,4374000,64,17.8,5.4,2.2,3.7,60.6,0,0.1,20,0.9,1.6,55.9,1.8,3.9,5.8,1.2,0.8,1,0.7,1.9,61.2,11.8,-0.9,2.9,1.9,-0.7,1.9,1.1,-0.9,2.9,2,2.8
Jordan McLaughlin,Minnesota Timberwolves,PG,1,0,24,2021,2160000,51,18.4,5,2,4.7,41.3,0.6,1.8,35.9,0.5,0.6,76.7,0.4,1.7,2.1,3.8,1,1,0.1,0.9,50.2,13.3,-1,-0.5,-1.5,-4.6,2.3,-2.2,-1.8,0.1,-1.7,0.5
Nathan Knight,Minnesota Timberwolves,PF,1,0,24,2022,1916664,37,7.2,3.7,1.2,2.4,51.1,0.1,0.4,30.8,1.2,1.6,73.3,0.9,1.4,2.3,0.6,0.5,0.2,0.2,1.1,60.3,20.3,0.2,0.8,1,-3.6,5.3,1.6,-0.6,1.7,1.1,0.5
Josh Okogie,Minnesota Timberwolves,SF,1,0,23,2022,1968175,49,10.5,2.7,0.9,2.1,40.4,0.3,1,29.8,0.7,1,68.6,0.6,0.8,1.4,0.5,0.5,0.5,0.2,1.1,52.6,11.5,-3.3,6,2.7,-5.7,4.9,-0.9,-4,0.1,2.1,1.3
CJ McCollum,New Orleans Pelicans,SG,0,1,29,2017,26658362,80,34.9,23,8.7,18,48,2.3,5.5,42.1,3.4,3.7,91.2,0.8,2.9,3.6,3.6,2.2,0.9,0.5,2.5,58.5,26.8,3.6,-1.2,2.4,1.7,-0.5,1.2,3.4,-1.1,2.3,7.2
Brandon Ingram,New Orleans Pelicans,SF,1,0,23,2020,31650600,62,33.9,23.8,8.2,17.7,46.3,2.4,6.2,39.1,5,5.9,85.1,0.8,5.3,6.1,4.2,3,1,0.6,2.9,58.7,27.5,2.1,-1.3,0.8,-0.7,-0.3,-1,1.6,-1.1,0.5,3.5
Jonas Valenciunas,New Orleans Pelicans,C,0,1,27,2019,15000000,49,22.3,15.6,6.1,11,55.9,0.3,1,29.2,3,3.8,79.5,2.2,6.4,8.6,1.4,1.8,0.4,1.1,3,61.6,27.4,0.9,1.4,2.3,-0.7,-0.8,-1.6,0.6,1,1.6,2.4
Devonte Graham,New Orleans Pelicans,PG,1,0,26,2021,11825000,55,30.2,14.8,4.6,12.2,37.7,3.3,8.7,37.5,2.4,2.9,84.2,0.4,2.3,2.7,5.4,1.5,0.9,0.1,1.4,55.2,21.1,2.3,-0.3,2.1,-0.9,3.8,2.8,1.8,0.6,2.4,4.3
Larry Nance Jr,New Orleans Pelicans,PF,0,1,27,2019,11200000,67,26.8,9.4,3.7,7.1,52,0.5,1.5,33.7,1.4,2,71.6,2.5,5.7,8.2,3.2,1.4,1.5,0.6,2.9,58.3,15.2,-0.1,2.3,2.2,0.5,0.5,0.9,0,2.2,2.2,4.5
Garrett Temple,New Orleans Pelicans,SG,1,0,35,2021,5155500,56,27.3,7.6,2.8,6.8,41.5,1.2,3.6,33.5,0.7,0.9,80,0.5,2.3,2.9,2.2,1,0.8,0.5,2.3,52.5,12.6,-2.2,1.5,-0.7,1.1,2.6,3.7,-1.6,1.9,0.2,2.3
Willy Hernangomez,New Orleans Pelicans,C,1,0,26,2021,2443581,47,18,7.8,3.2,5.7,56.3,0,0.2,10,1.3,2,66.7,2.5,4.6,7.1,1.1,0.7,0.5,0.5,1.4,59.1,16.6,-0.7,0.8,0.1,0.6,-1.2,-0.6,-0.5,0.5,0,1.2
Tony Snell,New Orleans Pelicans,SF,1,0,30,2021,2389641,47,21.1,5.3,1.9,3.6,51.5,1.3,2.3,56.9,0.2,0.2,100,0.4,2,2.4,1.3,0.4,0.3,0.2,1.6,70.8,8.4,-0.4,-1.7,-2.1,-0.1,-0.1,-0.2,-0.4,-1.4,-1.9,0.4
Zion Williamson,New Orleans Pelicans,PF,0,1,21,2022,38860000,61,33.2,27,10.4,17,61.1,0.2,0.6,29.4,6,8.7,69.8,2.7,4.5,7.2,3.7,2.7,0.9,0.6,2.2,64.9,28.7,3.7,-0.8,2.9,2.5,0.1,2.5,3.6,-0.7,3,6
Julius Randle,New York Knicks,PF,1,0,25,2019,20700000,73,30.6,21.4,7.8,14.9,52.4,0.9,2.7,34.4,4.9,6.7,73.1,2.2,6.5,8.7,3.1,2.8,0.7,0.6,3.4,60,27.3,0.5,-2,-1.5,0.7,-1.5,-0.8,0.6,-2,-1.4,1.5
Evan Fournier,New York Knicks,SG,1,0,28,2021,18250000,42,30,17.1,5.9,12.9,45.7,2.8,6.7,41.3,2.6,3.3,78.8,0.2,2.8,3,3.4,1.7,1.1,0.5,2.3,59.8,22.2,1,-0.7,0.3,2.3,-1.4,0.9,1.4,-0.9,0.5,2.1
Derrick Rose,New York Knicks,PG,1,0,33,2021,14520730,50,25.6,14.7,5.7,12.2,47,1,2.6,38.8,2.2,2.5,86.6,0.4,2.2,2.6,4.2,1.6,1,0.4,1.1,55,25.2,2.1,1.8,3.9,0.5,2.9,3.4,1.9,2.1,4,4.4
Alec Burks,New York Knicks,SG,1,0,30,2021,10012800,49,25.6,12.7,4.3,10.2,42,2.1,5,41.5,2.1,2.4,85.6,0.4,4.2,4.6,2.2,1,0.6,0.3,2.1,56.4,20.8,2,-0.1,1.9,-0.6,2.9,2.4,1.6,0.5,2.1,3.1
Nerlens Noel,New York Knicks,C,1,0,27,2021,9240000,64,24.2,5.1,2.1,3.5,61.4,0,0,0,0.8,1.1,71.4,2.2,4.1,6.4,0.7,1,1.1,2.2,2.8,63.8,9.2,-3.4,3.9,0.5,1.4,-2.5,-1.1,-2.5,2.7,0.2,2.3
Kemba Walker,New York Knicks,PG,1,0,31,2021,8947246,43,31.8,19.3,6.6,15.7,42,3,8.2,36,3.1,3.5,89.9,0.4,3.6,4,4.9,2,1.1,0.3,1.4,55.9,25.6,3.6,0.6,4.2,2.1,-0.3,1.8,3.5,0.4,3.9,4.7
Taj Gibson,New York Knicks,C,1,0,35,2021,5050000,45,20.8,5.4,2.2,3.5,62.7,0.1,0.3,20,0.9,1.2,72.7,2.2,3.4,5.6,0.8,0.5,0.7,1.1,2.2,66.1,9.5,-0.4,4.7,4.3,2,2.6,4.6,0.1,4.4,4.5,4
Jericho Sims,New York Knicks,PF,1,0,23,2022,1886069,41,13.5,2.2,1,1.3,72.2,0,0,0,0.3,0.7,41.4,1.5,2.6,4.1,0.5,0.5,0.3,0.5,1.6,67.4,6.8,-3.1,1.1,-2,0,4,4,-2.7,1.8,-0.9,0.5
Jalen Brunson,New York Knicks,PG,1,0,25,2022,26000000,79,31.9,16.3,6.4,12.8,50.2,1.2,3.2,37.3,2.3,2.7,84,0.5,3.4,3.9,4.8,1.6,0.8,0,1.9,58.3,21.5,2.3,-0.2,2.2,3.4,-1.8,1.6,2.7,-0.5,2.1,7.8
Mitchell Robinson,New York Knicks,C,1,0,24,2022,15000000,72,25.7,8.5,3.6,4.8,76.1,0,0,0,1.2,2.5,48.6,4.1,4.5,8.6,0.5,0.8,0.8,1.8,2.7,72.2,11,0.5,3.4,3.9,0.4,-2.2,-1.8,0.5,2.4,2.9,5.3
RJ Barrett,New York Knicks,SG,0,1,22,2022,26750000,70,34.5,20,7,17.1,40.8,2,5.8,34.2,4.1,5.8,71.4,0.9,4.9,5.8,3,2.2,0.6,0.2,2,51.1,26.8,-0.3,-0.6,-0.9,-2,-2,-4,-0.7,-0.9,-1.6,1.5
Derrick Favors,Oklahoma City Thunder,C,1,0,29,2020,9720900,51,24.4,9,4.1,6.6,61.7,0,0.1,14.3,0.8,1.4,56.3,3.2,6.6,9.8,1.6,1.1,0.6,0.9,2.1,62,13.5,-0.1,2.6,2.5,3.9,1.9,5.8,0.7,2.7,3.4,3.9
Mike Muscala,Oklahoma City Thunder,C,1,0,29,2021,3500000,35,18.4,9.7,3.4,7.6,44.6,1.9,5.3,37,0.9,1,91.7,0.5,3.2,3.8,0.8,0.6,0.2,0.3,1.5,59.9,19.4,0.1,0.8,0.9,-1.1,6.3,5.2,0,2.1,2,1.6
Shai Gilgeous-Alexander,Oklahoma City Thunder,SG,0,1,23,2022,35849950,56,34.7,24.5,8.5,18.8,45.3,1.6,5.3,30,5.9,7.2,80.1,0.7,4.3,5,5.9,2.8,1.3,0.8,2.5,42.8,29,2.4,-1.4,1,2.1,-4.2,-2.1,2.5,-2,0.4,2.7
Lu Dort,Oklahoma City Thunder,SG,0,1,21,2020,1346733,36,22.8,6.8,2.4,6.1,39.4,0.8,2.8,29.7,1.2,1.5,79.2,0.7,1.6,2.3,0.8,0.6,0.9,0.1,2.7,50.6,13.9,-2.7,3.3,0.6,0.9,0.7,1.6,-2.1,2.9,0.8,1.5
Kenrich Williams,Oklahoma City Thunder,SF,0,1,27,2022,6792500,49,21.9,7.4,3,6.5,46.1,0.8,2.5,33.9,0.6,1.1,54.5,1.5,3,4.5,2.2,0.9,0.9,0.2,1.7,53.2,15.3,-1.1,2.4,1.3,-1.7,8.1,6.4,-1.2,3.8,2.6,2.9
Isaiah Joe,Oklahoma City Thunder,SG,1,0,23,2022,1999440,55,11.1,3.6,1.1,3.2,35,0.8,2.5,33.3,0.5,0.6,93.5,0.1,0.9,1,0.6,0.3,0.3,0.1,0.9,51.9,14.4,-1.3,0.3,-0.9,-0.6,2.2,1.6,-1.2,0.7,-0.5,0.7
Gary Harris,Orlando Magic,SG,0,1,24,2018,21000000,67,34.4,17.5,6.6,13.6,48.5,2.3,5.9,39.6,2,2.4,82.7,0.6,2.1,2.6,2.9,1.8,1.8,0.2,1.8,59.7,20.4,1.5,0.6,2.1,0.9,0.6,1.6,1.4,0.6,2.1,5.7
Jonathan Isaac,Orlando Magic,PF,0,1,24,2020,17400000,34,28.8,11.9,4.6,9.8,47,0.9,2.8,34,1.8,2.3,77.9,1.7,5.1,6.8,1.4,1.4,1.6,2.3,2.4,55.2,18.1,-0.6,4.8,4.2,-1.6,3.1,1.5,-0.8,4.8,3.9,3.3
Markelle Fultz,Orlando Magic,PG,0,1,23,2020,16666667,72,27.7,12.1,5,10.7,46.5,0.5,1.9,26.7,1.6,2.2,73,0.6,2.7,3.3,5.1,2,1.3,0.2,2,51.7,21,-1.3,-1.1,-2.4,2.4,-2.4,0.1,-0.5,-1.5,-2,0.8
Terrance Ross,Orlando Magic,SG,1,0,28,2019,13500000,81,26.5,15.1,5.4,12.7,42.8,2.7,7,38.3,1.6,1.8,87.5,0.3,3.1,3.5,1.7,1.1,0.9,0.4,1.5,56.1,23,2.2,-0.9,1.3,-4.6,2.3,-2.2,0.9,-0.3,0.6,3.7
Wendell Carter Jr. ,Orlando Magic,C,0,1,22,2021,12500000,54,25.5,11.2,4.3,8.5,50.3,0.3,0.9,29.4,2.4,3.3,73.2,2.4,5.8,8.2,1.9,1.4,0.6,0.8,2.7,56.6,18.8,-2.6,1.7,-0.9,3.8,-0.9,-4.7,-2.9,1.3,-1.7,0.8
Robin Lopez,Orlando Magic,C,1,0,33,2021,5000000,71,19.1,9,3.8,6,63.3,0.1,0.3,27.8,1.4,1.9,72.3,2,1.8,3.8,0.8,1.1,0.2,0.6,1.5,66.1,16.9,-1.2,0.2,-1,-1.6,1.4,-0.2,-1.3,0.5,-0.8,1.3
Mo Wagner,Orlando Magic,C,1,0,24,2021,1803969,45,16,6.9,2.3,5.1,45.4,0.7,2,34.1,1.6,1.9,81.6,0.6,2.6,3.2,1.1,1,0.6,0.4,2.4,58,17.8,-2.8,2.2,-0.6,-3.6,-0.4,-4,-3.1,1.8,-1.3,0.5
Mo Bamba,Orlando Magic,C,1,0,24,2022,10300000,71,25.7,10.6,4.2,8.7,48,1.5,4,38.1,0.8,1,78.1,2.1,6,8.1,1.2,1.1,0.5,1.7,2.6,58.2,17,-1.8,0.9,-0.9,-3.2,-1,-4.2,-2.1,0.6,1.5,1.1
Bol Bol,Orlando Magic,C,1,0,22,2022,2200000,14,5.8,2.4,1.1,1.9,55.6,0.1,0.3,25,0.1,0.4,40,0.3,1.1,1.4,0.4,0.3,0.1,0.1,0.3,56.5,16,-5.1,-1.1,-6.1,-3.2,2.4,-0.8,5,-0.4,-5.4,-0.1
James Harden,Philadelphia 76ers,SG,0,1,30,2019,42782880,78,36.8,36.1,10.8,24.5,44.2,4.8,13.2,36.8,9.7,11,87.9,0.8,5.8,6.6,7.5,5,2,0.7,3.1,61.6,39.6,10.4,1.7,12.1,4.8,-1.6,3.2,9.8,1.1,10.9,20.1
Tobias Harris,Philadelphia 76ers,PF,1,0,27,2019,36000000,82,34.7,20,7.5,15.3,48.7,1.9,4.8,39.7,3.2,3.7,86.6,0.8,7,7.9,2.8,1.8,0.6,0.5,2.2,59.2,22.5,1,-0.6,0.5,-0.3,-0.6,-0.8,0.8,-0.6,0.2,4.3
Joel Embiid,Philadelphia 76ers,C,0,1,27,2021,52528000,51,31.1,28.5,9,17.6,51.3,1.1,3,37.7,9.2,10.7,85.9,2.2,8.4,10.6,2.8,3.1,1,1.4,2.4,63.6,35.2,3.5,4.6,8.1,4.1,2.2,6.3,3.8,4.3,8.1,8.9
Danny Green,Philadelphia 76ers,SG,1,0,34,2021,10000000,69,28,9.5,3.2,7.9,41.2,2.5,6.3,40.5,0.4,0.6,77.5,0.8,3,3.8,1.7,1,1.3,0.8,1.8,58.2,13.8,0,3.1,3.1,2.1,-1.3,0.8,0.4,2.3,2.7,5.4
Furkan Korkmaz,Philadelphia 76ers,SF,1,0,24,2021,5000000,55,19.3,9.1,3.1,7.7,40.1,1.8,4.9,37.5,1.1,1.5,73.2,0.3,1.7,2.1,1.5,0.8,0.9,0.2,1.2,54.4,19.5,1.1,0.8,2,0.9,2.8,3.7,1.1,1.2,2.4,2.8
Georges Niang,Philadelphia 76ers,PF,1,0,28,2021,3382500,72,16,6.9,2.5,5.6,43.7,1.7,4.1,42.5,0.3,0.3,95.7,0.4,2.1,2.4,0.8,0.7,0.3,0.1,1.6,60.2,16.9,0.1,0,0.1,2.4,4.6,7.1,0.5,0.9,1.4,2.5
Paul Millsap,Philadelphia 76ers,PF,1,0,36,2021,2641691,56,20.8,9,3.4,7.2,47.6,0.9,2.6,34.3,1.3,1.8,72.4,1.4,3.3,4.7,1.8,0.9,0.9,0.6,2,56.5,18.4,0.2,2.2,2.4,0.7,-0.5,0.2,0.2,1.8,2,2.8
Danuel House Jr,Philadelphia 76ers,SF,1,0,29,2022,4207625,42,17.3,5.9,1.9,4.7,40.4,1,2.8,37.6,1,1.4,75.9,0.4,2.2,2.6,1,0.8,0.5,0.4,1.2,55.5,14.6,-2,0.3,-1.7,-1.2,2,0.8,-2,0.7,-1.3,0.7
Devin Booker,Phoenix Suns,SG,0,1,23,2018,31650600,54,34.5,24.9,8.4,19.5,43.2,2.7,7.1,38.3,5.4,6.1,87.8,0.5,4,4.5,4.7,3.6,0.9,0.3,3.1,56.1,30.1,2.6,-3.4,-0.8,0.7,-1.3,-0.6,2.5,-3.1,-0.6,2.1
Chris Paul,Phoenix Suns,PG,1,0,36,2021,30000000,70,31.4,16.4,6.3,12.6,49.9,1.5,3.7,39.5,2.4,2.6,93.4,0.4,4.1,4.5,8.9,2.2,1.4,0.3,2.4,59.9,22.1,5.2,-2.1,3.1,-0.2,3.3,3.1,4.3,-1.2,3.2,6.6
Jae Crowder,Phoenix Suns,PF,1,0,30,2020,9720900,65,28.8,10.5,3.5,8.7,40.1,2.1,6.1,34.3,1.5,1.9,77.6,0.8,5.1,5.9,2.5,1.1,1.1,0.4,2.2,55.3,15.2,0.3,-0.2,0.2,-0.8,-2.6,-3.4,0.1,-0.7,-0.6,2.1
Dario Saric,Phoenix Suns,C,1,0,26,2020,9000000,66,24.7,10.7,3.9,8.2,47.6,1.3,3.6,35.7,1.6,1.9,84.4,1.5,4.6,6.2,1.9,1.3,0.6,0.2,2.4,59.2,17.4,-0.3,0.2,-0.1,-0.3,-3.4,-3.6,-0.3,-0.5,-0.9,1.6
Cameron Payne,Phoenix Suns,PG,1,0,27,2021,6333333,60,18,8.4,3.2,6.6,48.4,1.2,2.8,44,0.8,0.9,89.3,0.3,2.1,2.4,3.6,1,0.6,0.3,1.6,60.2,19.3,3.3,0.8,4.2,2.5,1.1,3.5,3.3,0.9,4.2,3.8
Mikal Bridges,Phoenix Suns,SF,0,1,25,2021,22725000,72,32.6,13.5,5,9.3,54.3,1.9,4.4,42.5,1.5,1.8,84,1.1,3.2,4.3,2.1,0.8,1.1,0.9,1.6,66.7,14.7,1.3,1.3,2.6,3.7,0.6,4.2,1.9,1.2,3,6.9
Javale McGee,Phoenix Suns,C,1,0,34,2021,5000000,46,14.7,7.3,3.1,6.1,51.1,0.1,0.5,20.8,1,1.5,65.7,1.7,3.5,5.2,0.8,1.3,0.4,1.2,2.6,54.1,22.8,-2.3,0.7,-1.6,-3.3,3.9,0.5,-2.6,1.4,-1.1,0.6
Torrey Craig,Phoenix Suns,SF,1,0,31,2021,5000000,50,16.1,5.5,2.2,4.5,48,0.8,2.1,36.8,0.3,0.4,77.3,1.1,2.8,3.9,1,0.5,0.6,0.5,1.7,57.9,14.1,-0.5,0.3,-0.2,-0.3,-3.9,-4.3,-0.5,-0.6,-1.1,0.7
Landry Shamet,Phoenix Suns,SG,0,1,24,2021,10625000,61,23,9.3,3,7.5,40.8,2.1,5.5,38.7,1.1,1.3,84.6,0.2,1.7,1.8,1.6,0.8,0.5,0.2,1.5,57.8,16.4,-0.4,-0.1,-0.5,-0.8,-1.7,-2.5,-0.6,-0.4,-1,1.2
Elfrid Payton,Phoenix Suns,PG,1,0,27,2021,2239544,63,23.6,10.1,4.3,9.9,43.2,0.4,1.6,28.6,1.2,1.7,68.2,1,2.4,3.4,3.2,1.6,0.7,0.1,1.8,47.8,22.4,-1.8,-0.5,-2.3,-1.5,-4,-5.4,-1.9,-1.3,-3.1,-0.3
Bismack Biyombo,Phoenix Suns,C,1,0,29,2022,2905851,36,14.1,5.8,2.4,4,59.3,0,0,0,1.1,2,53.5,1.8,2.9,4.6,0.6,0.7,0.3,0.7,1.9,59.6,16.7,-2.2,-0.3,-2.6,-0.4,1.8,1.4,-2,0,-2,0.2
Deandre Ayton,Phoenix Suns,C,1,0,23,2022,33232282,58,29.5,17.2,7.6,12,63.4,0.1,0.3,36.8,1.8,2.4,74.6,2.6,7.7,10.2,1.4,1.6,0.7,0.7,2.4,65.6,21.7,-1,1.8,0.8,3,-1.7,1.3,-0.2,1.1,0.9,4
Damian Lillard,Portland Trailblazers,PG,0,1,29,2019,44066288,80,35.5,25.8,8.5,19.2,44.4,3,8,36.9,5.9,6.4,91.2,0.9,3.8,4.6,6.9,2.7,1.1,0.4,1.9,58.8,28.1,7,-1.1,5.8,4.6,2.8,7.4,6.8,-0.4,6.4,13.3
Eric Bledsoe,Portland Trailblazers,PG,0,1,29,2019,17500000,78,29.1,15.9,6,12.4,48.4,1.6,4.8,32.9,2.3,3,75,1.1,3.6,4.6,5.5,2.1,1.5,0.4,2,57.7,22.5,3.1,2.7,5.8,4.1,0,4,3.5,2.2,5.7,9.8
Joe Ingles,Portland Trailblazers,SF,0,1,34,2021,13036364,67,27.9,12.1,4.1,8.4,48.9,2.7,6.1,45.1,1.1,1.3,84.4,0.4,3.2,3.6,4.7,1.7,0.7,0.2,1.8,67.2,16.2,2.4,0.2,2.6,2.3,3,5.3,2.4,0.8,3.2,5.7
Josh Hart,Portland Trailblazers,SF,1,0,26,2021,12640000,47,28.7,9.2,3.2,7.3,43.9,1.3,4.1,32.6,1.5,1.9,77.5,1.1,6.9,8,2.3,1,0.8,0.3,2.4,56.6,13.3,-0.1,1,0.9,1.2,1.1,-0.1,-0.3,1.1,0.8,2.4
Jusuf Nurkic,Portland Trailblazers,C,1,0,24,2018,12000000,79,26.4,14.3,6.1,12,50.5,0,0.1,0,2.2,3.5,63,2.4,6.6,9,1.8,2.3,0.8,1.4,3.1,52.8,25.7,-2.3,2.5,0.2,-1.6,2.2,0.6,-2.3,2.6,0.2,3.2
Justise Winslow,Portland Trailblazers,PF,1,0,25,2021,4000000,26,19.5,6.8,2.8,8.1,35.2,0.4,2.1,18.5,0.8,1.3,57.1,0.7,3.8,4.5,1.9,1.4,0.6,0.5,1.8,39.5,21.2,-6.5,1.8,-4.6,-6.4,2.4,-3.9,-6.8,2.1,-4.8,-0.5
Ben McLemore,Portland Trailblazers,SG,1,0,28,2021,2389641,53,17.1,7.7,2.5,6.9,37,1.8,5.3,34.6,0.7,1,73.6,0.3,1.6,1.9,0.7,0.8,0.4,0.2,1.7,52.3,19.2,-1,-3.1,-4.2,-1.6,1,-0.6,-1.2,-2.5,-3.6,-0.4
Anfernee Simons,Portland Trailblazers,SG,1,0,23,2022,25000000,57,29.5,17.3,6.2,14,44.3,3.1,7.8,40.5,1.8,2,88.8,0.5,2.2,2.6,3.9,2,0.5,0.1,1.9,58.3,24.4,1.8,-3.1,-1.3,2.7,0.7,3.3,2.2,-2.5,-0.3,2.1
Drew Eubanks,Portland Trailblazers,PF,1,0,25,2022,1968175,71,17.5,7.7,3.1,5.2,59.6,0.1,0.3,21.7,1.4,1.8,76.2,1.8,3.5,5.4,1.2,1.1,0.4,0.6,1.7,63.8,17.1,-2.3,-1,-3.4,-2.6,-3.6,-6.2,-2.5,-1.6,-4.1,-0.9
Nassir Little,Portland Trailblazers,SF,0,1,22,2022,7000000,42,25.9,9.8,3.5,7.5,46,1.2,3.7,33.1,1.6,2.2,73.4,1.4,4.2,5.6,1.3,1,0.6,0.9,2,57.5,15.5,-0.3,0.9,0.7,1.2,1.9,3.1,0,1.3,1.3,2.2
De'Aaron Fox,Sacramento Kings,PG,0,1,22,2020,32600060,51,32,21.1,7.7,16,48,1.1,3.6,29.2,4.7,6.7,70.5,0.7,3.2,3.8,6.8,3.1,1.5,0.5,2.8,55.8,29,2.4,-1.4,1,2.1,-4.2,-2.1,2.5,-2,0.4,2.7
Harrison Barnes,Sacramento Kings,SF,1,0,27,2019,21250000,77,32.9,16.4,5.6,13.3,42,2.3,5.7,39.5,3,3.6,82.4,0.7,3.9,4.7,1.5,1.3,0.6,0.2,1.6,55,20.2,-0.8,-0.6,-1.4,-1.2,0.6,-0.6,-0.9,-0.4,-1.3,1.9
Domantas Sabonis,Sacramento Kings,C,0,1,23,2019,18725000,74,24.8,14.1,5.6,9.5,59,0.1,0.2,52.9,2.8,3.9,71.5,2.5,6.8,9.3,2.9,2.2,0.6,0.4,3.2,63,22.6,1.3,0.2,1.5,0.4,0.9,1.4,1.2,0.3,1.5,4
Jeremy Lamb,Sacramento Kings,SG,1,0,27,2019,10500000,79,28.5,15.3,5.5,12.4,44,1.5,4.2,34.8,2.9,3.3,88.8,0.8,4.7,5.5,2.2,1,1.1,0.4,1.8,55.2,22,1.8,1,2.7,0.1,1.4,1.5,1.5,1.1,2.7,6.2
Richaun Holmes,Sacramento Kings,C,1,0,28,2021,11630640,61,29.2,14.2,6,9.4,63.7,0,0.2,18.2,2.2,2.8,79.4,2.4,5.9,8.3,1.7,1.2,0.6,1.6,3.5,66.9,17.3,-0.5,1.8,1.4,2.7,1.4,4.1,0.2,1.9,2.1,4.4
Justin Holiday,Sacramento Kings,SG,1,0,31,2020,6006420,73,25,8.3,2.8,6.7,42.8,1.8,4.5,40.5,0.7,0.9,79.1,0.4,2.8,3.3,1.3,0.6,1.2,0.6,1.9,58.5,13,0.2,2.7,2.9,-0.4,-0.7,-1.1,0.1,2.1,2.2,4.6
Josh Jackson,Sacramento Kings,SF,1,0,23,2020,4886175,22,17.3,9,3.2,7.2,44,1,3.3,31.9,1.6,2.3,70,0.5,2.5,3,1.6,1.3,0.8,0.4,1.8,54.7,21.4,0,3,3,0.2,1.7,1.9,0.1,2.9,3,1.1
Mo Harkless,Sacramento Kings,SF,1,0,28,2021,4456290,37,20.9,5.2,1.9,4.5,41.8,0.6,2.3,27.4,0.9,1.2,76.7,0.4,2.1,2.4,1.2,0.6,0.8,0.5,2.3,52.7,11.4,-3.1,-1.3,-4.4,-1.1,0.5,-0.5,-2.9,-1,-3.8,-0.4
Terence Davis,Sacramento Kings,SG,1,0,24,2021,4000000,61,17.6,8.7,3.2,7.5,42.8,1.6,4.4,36.7,0.7,0.9,81.8,0.3,2.2,2.5,1.4,1,0.7,0.2,1.6,55.5,21.3,0.2,-2.3,-2.2,-2.9,0.4,-2.5,-0.5,-1.9,-2.4,0.2
Alex Len,Sacramento Kings,C,1,0,28,2021,3825300,64,15.3,6.6,2.7,4.3,61.5,0.1,0.4,32,1.1,1.8,62.9,1.2,2.8,4.1,0.8,0.9,0.3,1,2,64.3,16.1,-2.6,1.4,-1.2,-2.4,-0.7,-3.1,-2.8,1.1,-1.7,0.5
Trey Lyles,Sacramento Kings,PF,1,0,26,2021,2562500,23,15.6,5,1.9,3.9,47.8,0.6,1.7,35,0.7,1,65.2,0.4,3.3,3.7,0.6,0.3,0.3,0,0.6,57.4,12.8,-2.4,-0.4,-2.8,-8,-2.3,-10.3,-3.7,-0.8,-4.5,-0.3
Matthew Dellavedova,Sacramento Kings,PG,1,0,31,2022,2628597,13,17.2,2.8,1.1,4.3,25,0.3,1.9,16,0.3,0.3,100,0.5,1.4,1.8,4.5,0.5,0.3,0.1,1.6,31.2,12.5,-2.1,-4.8,-6.9,1.8,-1.6,0.3,-1.4,-4.4,-5.8,0.3
Dejounte Murray,San Antonio Spurs,PG,0,1,23,2019,16000000,81,21.5,8.1,3.3,7.5,44.3,0.1,0.4,26.5,1.3,1.8,70.9,1.4,4.3,5.7,2.9,1.7,1.2,0.4,1.9,48.5,20.1,-2,2.4,0.5,-2.3,5.4,3.1,-2.1,3.1,1,3.3
Doug McDermott,San Antonio Spurs,SF,1,0,30,2021,13750000,66,24.5,13.6,5.4,10.1,53.2,1.7,4.3,38.8,1.2,1.5,81.6,0.9,2.4,3.3,1.3,0.8,0.3,0.1,1.8,63.5,19.4,0.5,-3.4,-2.9,0.5,-3.4,-2.9,0.5,-3.6,-3.1,-0.3
Josh Richardson,San Antonio Spurs,SG,0,1,28,2021,12200000,59,30.3,12.1,4.5,10.5,42.7,1.5,4.5,33,1.7,1.8,91.7,0.9,2.4,3.3,2.6,1.3,1,0.4,2.2,53.7,18.1,-0.6,-0.3,-0.9,-1,-2.7,-3.6,-0.8,-0.8,-1.6,1.1
Jakob Poeltl,San Antonio Spurs,C,1,0,25,2020,8750000,66,17.7,5.6,2.5,4,62.4,0,0,0,0.6,1.3,46.5,2,3.7,5.7,1.8,0.8,0.6,1.4,1.9,61.2,12.5,-0.4,3.4,3,5.4,0.4,5.8,0.8,3,3.8,3.9
Zach Collins,San Antonio Spurs,C,1,0,24,2021,7350000,11,26.4,7,2.9,6.2,47.1,0.6,1.7,36.8,0.5,0.7,75,2.3,4,6.3,1.5,1.3,0.5,0.5,3.3,53.8,12.6,-3.4,-0.1,-3.5,-1.8,0.2,-1.6,-3.3,0,-3.3,-0.1
Keita Bates-Diop,San Antonio Spurs,PF,1,0,26,2021,1803969,30,8.2,2.6,1,2.2,44.8,0.2,0.6,29.4,0.5,0.7,66.7,0.3,1.3,1.6,0.4,0.2,0.4,0.2,0.4,51.8,14.4,-1.4,1.3,-0.1,-4.1,-2.5,-6.6,2,0.6,-1.4,0.2
Keldon Johnson,San Antonio Spurs,SF,0,1,22,2022,18500000,75,31.9,17,6.3,13.5,46.6,2.1,5.3,39.8,2.4,3.1,75.6,1.1,5,6.1,2.1,1.2,0.8,0.2,2,57.4,21,0.8,-0.3,0.5,3.1,-0.6,2.5,1.3,-0.4,0.9,4.5
Khem Birch,San Antonio Spurs,C,1,0,30,2022,"6,667,500",55,18,4.5,1.8,3.6,50,0,0,0,1,1.3,74.6,2.2,2.1,4.3,1,0.5,0.5,0.5,1.9,54,12,-0.5,0.3,-0.2,-0.3,-3.9,-4.3,-0.5,-0.6,-1.1,0.7
Devin Vassell,San Antonio Spurs,SG,0,1,25,2022,4646375,71,27.3,12.3,4.6,10.8,42.7,1.9,5.4,36.1,1.2,1.4,83.8,3.7,4.3,8,1.9,0.8,1.1,0.6,2,54,18,2.5,-3.2,-0.7,1.3,-1.4,-0.1,2.4,-3,-0.6,1
Pascal Siakam,Toronto Raptors,PF,0,1,25,2019,34226304,80,31.8,16.9,6.5,11.8,54.9,1,2.7,36.9,3,3.8,78.5,1.6,5.3,6.9,3.1,1.9,0.9,0.7,3,62.8,20.5,1.1,0.5,1.6,3.7,4.1,7.8,1.6,1.2,2.9,7.3
Fred VanVleet,Toronto Raptors,PG,1,0,26,2020,21250000,54,35.7,17.6,5.9,14.3,41.3,2.7,6.9,39,3.1,3.7,84.8,0.3,3.4,3.8,6.6,2.2,1.9,0.3,2.4,55.3,21.8,2.3,1,3.3,-0.7,1.1,0.4,1.8,1,2.8,5.4
Gary Trent Jr. ,Toronto Raptors,SG,1,0,23,2021,17280000,58,31.1,15.3,5.5,13.5,40.8,2.8,7.4,38.5,1.4,1.8,78.3,0.5,2.2,2.6,1.4,0.7,1,0.2,1.6,53.4,20.4,-0.1,-2.3,-2.4,-0.5,-3.2,-3.7,-0.2,-2.6,-2.8,0
OG Anunoby,Toronto Raptors,SF,0,1,23,2020,18000000,69,29.9,10.6,4.1,8.2,50.5,1.3,3.3,39,1,1.5,70.6,1.2,4.1,5.3,1.6,1.1,1.4,0.7,2.4,60,14.2,-1.4,2.2,0.8,1.8,-0.2,1.6,-0.8,1.8,1,3.9
Thaddeus Young,Toronto Raptors,PF,1,0,31,2019,14545000,81,30.7,12.6,5.5,10.4,52.7,0.6,1.8,34.9,1.1,1.7,64.4,2.4,4.1,6.5,2.5,1.5,1.5,0.4,2.4,56.9,17.9,0.3,2.2,2.5,1.9,-0.8,1,0.6,1.7,2.3,6.4
Chris Boucher,Toronto Raptors,PF,1,0,27,2020,6760000,62,13.2,6.6,2.3,4.8,47.2,0.6,1.9,32.2,1.5,1.9,78.4,1.7,2.7,4.5,0.4,0.5,0.4,1,1.8,58.7,18.5,2,2.3,4.3,1.7,0.6,2.3,2.1,1.9,4,2.8
Khem Birch,Toronto Raptors,C,1,0,29,2021,6667500,67,22.8,7.2,2.8,5.7,49.7,0.2,0.8,25,1.4,1.9,70.5,2.6,3.2,5.8,1.3,0.7,0.7,0.7,1.7,55.2,13.3,-1.8,1.9,0.1,-0.5,1,0.5,-1.6,1.9,0.3,2.3
Svi Mykhailiuk,Toronto Raptors,SG,1,0,24,2021,1803969,66,20.1,8.5,3.2,7.7,41.1,1.6,4.8,33.4,0.6,0.8,76,0.4,2.1,2.5,1.7,1.3,0.8,0.2,1,52.9,19,-2,-1.3,-3.3,-0.6,-1.1,-1.7,-1.7,-1.3,-3,-0.1
Isaac Bonga,Toronto Raptors,PG,1,0,22,2021,1729217,40,10.8,2,0.8,2,37,0.3,1.2,27.7,0.1,0.2,62.5,0.5,1.2,1.7,0.6,0.6,0.3,0.2,1.6,46.1,10.1,-5.2,1.7,-3.5,-5.2,5,-0.2,-5.5,2.5,-3,-0.1
Rudy Gobert,Utah Jazz,C,0,1,28,2020,41000000,68,34.3,15.1,5.7,8.2,69.3,0,0,0,3.7,5.9,63,3.4,10.1,13.5,1.5,1.9,0.8,2,3.2,69.9,16.2,-0.7,6.8,6,1.3,3.8,5.1,-0.4,6.6,6.2,10.6
Donavan Mitchell,Utah Jazz,SG,0,1,24,2020,32600000,69,34.3,24,8.7,19.4,44.9,2.5,6.9,36.6,4,4.7,86.3,0.8,3.6,4.4,4.3,2.7,1,0.2,2.5,55.8,30.3,2.7,-1.9,0.8,0.7,-1.7,-1.1,2.4,-2,0.4,3.8
Mike Conley,Utah Jazz,PG,1,0,34,2021,22680000,51,29.4,16.2,5.6,12.5,44.4,2.7,6.6,41.2,2.4,2.8,85.2,0.7,2.8,3.5,6,1.9,1.4,0.2,1.9,58.9,22.4,4,3.2,7.2,2.2,6,8.2,3.8,4,7.7,8
Bojan Bogdanovic,Utah Jazz,PF,1,0,30,2019,18275000,81,31.8,18,6.4,13,49.7,2,4.8,42.5,3,3.8,80.7,0.4,3.7,4.1,2,1.7,0.9,0,1.7,61.3,21.9,0.7,-0.6,0.1,0.4,0.6,1,0.6,-0.4,0.3,4
Jordan Clarkson,Utah Jazz,PG,1,0,28,2020,12880000,71,24,15.2,5.5,12.2,45.4,2.1,5.8,36.8,1.9,2.3,83.6,0.7,1.9,2.6,1.9,1.4,0.6,0.2,1.5,57.4,25.4,2.9,-1.8,1.2,1.7,-1,0.7,2.8,-1.7,1.1,3.3
Royce O'Neale,Utah Jazz,SF,0,1,27,2020,9000000,71,28.9,6.3,2.2,5.1,43.3,1.3,3.4,37.7,0.6,0.8,76.4,0.4,5.1,5.5,2.5,0.9,0.8,0.5,2.8,57.8,9.5,-0.5,1.9,1.4,3.2,0.9,4.2,0.3,1.8,2.1,5
Juancho Hernangomez,Utah Jazz,SF,1,0,25,2020,7012440,48,17.4,6,2.1,5.1,40.5,0.9,2.7,34.1,0.9,1.5,62,0.9,3.2,4.1,0.8,0.7,0.4,0.2,1.3,51.8,14.9,-1.1,0.4,-0.7,1.1,-2.2,-1.1,-0.7,-0.1,-0.8,0.8
Rudy Gay,Utah Jazz,PF,1,0,35,2021,6184500,63,21.6,11.4,4.2,10,42,1.7,4.4,38.1,1.3,1.6,80.4,0.7,4.1,4.8,1.4,1,0.7,0.6,1.8,53.2,23,-0.5,2.2,1.8,-1.1,6.9,5.8,-0.6,3.3,2.7,3.8
Hassan Whiteside,Utah Jazz,C,1,0,32,2021,2401537,36,15.2,8.1,3.5,6.2,56.3,0,0,0,1.1,2.2,51.9,1.7,4.3,6,0.6,1.1,0.3,1.3,2,56.6,22.7,-4.5,0.9,-3.6,-4,-0.2,-4.2,-4.7,0.8,-3.9,-0.3
Collin Sexton,Utah Jazz,PG,1,0,23,2022,17737500,60,35.3,24.3,8.8,18.4,47.5,1.6,4.4,37.1,5.2,6.4,81.5,1,2.2,3.1,4.4,2.8,1,0.2,2.6,57.3,28.6,0.6,-2.7,-2.1,-1.3,-3.1,-4.4,0.4,-2.9,-2.5,0.3
Bradley Beal,Washington Wizards,SG,0,1,26,2019,35073168,82,36.9,25.6,9.3,19.6,47.5,2.5,7.3,35.1,4.4,5.5,80.8,1.1,3.9,5,5.5,2.7,1.5,0.7,2.8,58.1,27.8,4,-0.4,3.6,4.2,-3.1,1.1,4.3,-0.9,3.4,9.6
Kristaps Porzingis,Washington Wizards,C,1,0,24,2019,31650000,48,32.4,22.7,8.1,18.5,43.9,1.9,4.8,39.5,4.5,5.7,79.3,1.3,5.3,6.6,1.2,1.9,0.8,2.4,2.9,53.9,30.5,0.8,1.7,2.5,0.7,2.1,2.8,0.8,2,2.8,4.4
Kentavious Caldwell-Pope,Washington Wizards,SG,1,0,27,2020,13038862,69,25.5,9.3,3.4,7.3,46.7,1.3,3.5,38.5,1.1,1.5,77.5,0.6,1.5,2.1,1.6,0.9,0.8,0.2,1.9,58.4,14.2,-0.4,-0.1,-0.5,0.1,-0.7,-0.6,-0.3,-0.3,-0.6,1.9
Kyle Kuzma,Washington Wizards,PF,0,1,25,2020,13000000,61,25,12.8,4.8,11,43.6,1.4,4.5,31.6,1.9,2.5,73.5,0.9,3.6,4.5,1.3,1.5,0.5,0.4,2.1,53.1,22.1,-2.1,0,-2.1,-0.5,0.1,-0.4,-1.9,-0.1,-2,0.6
Thomas Bryant,Washington Wizards,C,1,0,22,2019,8333333,72,20.8,10.5,4.3,7,61.6,0.5,1.4,33.3,1.5,1.9,78.1,1.6,4.7,6.3,1.3,0.8,0.3,0.9,1.8,67.4,17,0.2,-1.6,-1.4,0.5,-1.9,-1.4,0.2,-1.7,-1.5,1
Ish Smith,Washington Wizards,PG,1,0,33,2021,4612500,44,21,6.7,2.9,6.8,43.4,0.4,1.1,36.7,0.4,0.8,57.6,0.5,2.9,3.4,3.9,0.9,0.7,0.3,1.4,47.3,15.5,-0.8,0.3,-0.5,1.7,0.1,1.7,-0.3,0.2,-0.1,1.3
Daniel Gafford,Washington Wizards,C,0,1,23,2021,13394160,54,14.7,7,2.9,4.2,68.4,0,0,0,1.3,2,66.7,1.7,2.5,4.3,0.5,0.8,0.5,1.4,1.8,69.7,16.1,0.7,1.7,2.4,2.1,0.7,2.8,1,1.6,2.6,2.2
Raul Neto,Washington Wizards,PG,1,0,29,2021,2089448,64,21.9,8.7,3.3,7,46.8,1,2.6,39,1.2,1.3,88.2,0.4,2,2.4,2.3,0.8,1.1,0.1,1.7,57.5,15.5,-0.1,2.5,2.4,-0.1,1.3,1.2,-0.1,2.4,2.3,3.6
Anthony Gill,Washington Wizards,PF,1,0,29,2022,1916664,44,10.5,4.1,1.4,2.5,56.9,0.3,0.6,53.8,1,1.2,80.8,0.8,1.2,1.9,0.6,0.4,0.1,0.3,1.3,68.2,13.8,-0.1,-1.4,-1.6,2.8,3,5.8,0.5,-0.6,-0.1,0.6